preset,case,query_j,query_rpm,effective_j,effective_rpm,interpolation_status,clamped,blocked,ct,cp,eta,axial_speed_mps,thrust_n,shaft_power_w,shaft_torque_nm,disk_loading_n_m2,ideal_induced_velocity_mps,ideal_momentum_power_w,ideal_momentum_power_over_shaft_power,source_id,lookup_status,lookup_message,runtime_force_replacement_accepted,query_signed_axial_speed_mps,relative_air_body_x_mps,relative_air_body_y_mps,relative_air_body_z_mps,transverse_air_body_x_mps,transverse_air_body_y_mps,transverse_air_body_z_mps,transverse_air_speed_mps,inflow_angle_deg,thrust_force_body_x_n,thrust_force_body_y_n,thrust_force_body_z_n,reaction_torque_body_x_nm,reaction_torque_body_y_nm,reaction_torque_body_z_nm,thrust_moment_body_x_nm,thrust_moment_body_y_nm,thrust_moment_body_z_nm,total_torque_body_x_nm,total_torque_body_y_nm,total_torque_body_z_nm,momentum_power_closure_satisfied,runtime_eligibility_status,shaft_power_residual_w,shaft_power_residual_fraction,operating_point_temperature_c,operating_point_humidity,operating_point_dynamic_viscosity_pa_s,operating_point_speed_of_sound_mps,rotational_tip_speed_mps,helical_tip_speed_mps,tip_mach,representative_blade_station_speed_mps,representative_blade_chord_m,reynolds_number,reynolds_index,tip_mach_runtime_margin,reynolds_index_runtime_margin,operating_envelope_margin_fraction,disk_mass_flow_kg_s,far_wake_axial_velocity_mps,far_wake_contracted_area_m2,far_wake_equivalent_radius_m,angular_momentum_swirl_radius_m,wake_tangential_velocity_mps,wake_swirl_kinetic_power_w,total_wake_kinetic_power_w,total_wake_kinetic_power_over_shaft_power,wake_swirl_kinetic_power_over_shaft_power,total_wake_kinetic_power_residual_w,total_wake_kinetic_power_residual_fraction,torque_coefficient_cq,useful_axial_thrust_power_w,ideal_induced_power_w,axial_propulsive_efficiency,far_wake_contracted_area_over_disk_area,far_wake_equivalent_radius_over_rotor_radius,wake_angular_momentum_torque_nm,wake_angular_momentum_torque_residual_nm,wake_angular_momentum_torque_residual_fraction,wake_angular_momentum_torque_body_x_nm,wake_angular_momentum_torque_body_y_nm,wake_angular_momentum_torque_body_z_nm,wake_angular_momentum_torque_residual_body_x_nm,wake_angular_momentum_torque_residual_body_y_nm,wake_angular_momentum_torque_residual_body_z_nm
apDrone,static_anchor_low_rpm,0.00000000000000,1477.80000000000,0.00000000000000,1477.80000000000,EXACT,false,false,0.120000000000000,0.0400000000000000,0.00000000000000,0.00000000000000,0.0251108682425934,0.0267059959703150,0.000172569682049040,1.90530304921093,0.881858670062071,0.0221442368725173,0.829185958731205,accepted-reference-payload-bridge,INTERPOLATED,ct-cp-j-lookup-interpolated,false,0.00000000000000,0.00000000000000,0.00000000000000,0.00000000000000,0.00000000000000,0.00000000000000,0.00000000000000,0.00000000000000,0.00000000000000,0.00000000000000,0.0251108682425934,0.00000000000000,0.00000000000000,0.000172569682049040,0.00000000000000,-0.00168682619550287,0.00000000000000,0.00168682619550287,-0.00168682619550287,0.000172569682049040,0.00168682619550287,true,NOT_RUNTIME_CANDIDATE,0.00456175909779765,0.170814041268795,25.0000000000000,0.00000000000000,1.83700000000000e-05,346.146703725458,10.0234719010825,10.0234719010825,0.0289572940987256,7.51760392581189,0.00997117997448267,4998.65229223767,0.289329094183834,0.431042705901274,-0.230670905816166,-0.443597895800319,0.0142374674622329,1.76371734012414,0.00658973076566296,0.0457993062174527,0.0320595143522169,0.378072261524518,0.00101754208198628,0.0231617789545036,0.867287592653315,0.0381016339221099,0.00354421701581137,0.132712407346685,0.00636619772367581,0.00000000000000,0.0221442368725173,0.00000000000000,0.500000000000000,0.707106781186548,0.000172569682049040,0.00000000000000,0.00000000000000,0.00000000000000,0.000172569682049040,0.00000000000000,0.00000000000000,0.00000000000000,0.00000000000000
apDrone,mid_domain_mid_rpm,0.325120000000000,4065.36000000000,0.325120000000000,4065.36000000000,EXACT,false,false,0.100000000000000,0.0460000000000000,0.706782608695652,2.85361473146880,0.158360614483229,0.639376488348749,0.00150185856038492,12.0157120309374,1.20760936599948,0.643137943629173,1.00588300531685,accepted-reference-payload-bridge,INTERPOLATED,ct-cp-j-lookup-interpolated,false,2.85361473146880,0.00000000000000,2.85361473146880,0.00000000000000,0.00000000000000,0.00000000000000,0.00000000000000,0.00000000000000,0.00000000000000,0.00000000000000,0.158360614483229,0.00000000000000,0.00000000000000,0.00150185856038492,0.00000000000000,-0.0106378971155262,0.00000000000000,0.0106378971155262,-0.0106378971155262,0.00150185856038492,0.0106378971155262,false,MOMENTUM_POWER_CLOSURE_FAILED,-0.00376145528042471,-0.00588300531685022,25.0000000000000,0.00000000000000,1.83700000000000e-05,346.146703725458,27.5741113329171,27.5977266187961,0.0797284108783106,20.7120600765173,0.00997117997448267,13771.9927253638,0.797142499093916,0.380271589121689,0.277142499093916,0.532966344411377,0.0655678147842793,5.26883346346775,0.0101587471180858,0.0568650124323190,0.0398055087026233,0.575433505737368,0.0108555293562549,0.653993472985428,1.02286131082866,0.0169783055118125,-0.0146169846366796,-0.0228613108286627,0.00732112738222719,0.451900182373794,0.191237761255380,0.706782608695652,0.770801378640525,0.877952947851151,0.00150185856038492,-2.16840434497101e-19,-1.44381395303646e-16,0.00000000000000,0.00150185856038492,0.00000000000000,0.00000000000000,-2.16840434497101e-19,0.00000000000000
apDrone,mid_domain_mid_rpm,0.406400000000000,4065.36000000000,0.406400000000000,4065.36000000000,LINEAR_ADVANCE,false,false,0.0960000000000000,0.0485000000000000,0.804420618556701,3.56701841433600,0.152026189903900,0.674125210541615,0.00158348130823193,11.5350835496999,1.02524540284646,0.698144371159788,1.03563011773269,accepted-reference-payload-bridge,INTERPOLATED,ct-cp-j-lookup-interpolated,false,3.56701841433600,0.00000000000000,3.56701841433600,0.00000000000000,0.00000000000000,0.00000000000000,0.00000000000000,0.00000000000000,0.00000000000000,0.00000000000000,0.152026189903900,0.00000000000000,0.00000000000000,0.00158348130823193,0.00000000000000,-0.0102123812309051,0.00000000000000,0.0102123812309051,-0.0102123812309051,0.00158348130823193,0.0102123812309051,false,MOMENTUM_POWER_CLOSURE_FAILED,-0.0240191606181730,-0.0356301177326912,25.0000000000000,0.00000000000000,1.83700000000000e-05,346.146703725458,27.5741113329171,27.6110013411144,0.0797667608674202,20.7297446474015,0.00997117997448267,13783.7516610114,0.797823122990233,0.380233239132580,0.277823122990233,0.534275236519679,0.0741413662923137,5.61750922002891,0.0107740925648084,0.0585619345482864,0.0409933541838005,0.521001413197613,0.0100625578924554,0.708206929052244,1.05055695585579,0.0149268381231000,-0.0340817185106284,-0.0505569558557912,0.00771901473995692,0.542280218848552,0.155864152311236,0.804420618556701,0.817491104564457,0.904152146800779,0.00158348130823193,-2.16840434497101e-19,-1.36939055339541e-16,0.00000000000000,0.00158348130823193,0.00000000000000,0.00000000000000,-2.16840434497101e-19,0.00000000000000
apDrone,mid_domain_mid_rpm,0.487680000000000,4065.36000000000,0.487680000000000,4065.36000000000,EXACT,false,false,0.0920000000000000,0.0510000000000000,0.879736470588235,4.28042209720320,0.145691765324571,0.708873932734482,0.00166510405607894,11.0544550684624,0.875170487701854,0.751127384989084,1.05960644100935,accepted-reference-payload-bridge,INTERPOLATED,ct-cp-j-lookup-interpolated,false,4.28042209720320,0.00000000000000,4.28042209720320,0.00000000000000,0.00000000000000,0.00000000000000,0.00000000000000,0.00000000000000,0.00000000000000,0.00000000000000,0.145691765324571,0.00000000000000,0.00000000000000,0.00166510405607894,0.00000000000000,-0.00978686534628409,0.00000000000000,0.00978686534628409,-0.00978686534628409,0.00166510405607894,0.00978686534628409,false,MOMENTUM_POWER_CLOSURE_FAILED,-0.0422534522546019,-0.0596064410093472,25.0000000000000,0.00000000000000,1.83700000000000e-05,346.146703725458,27.5741113329171,27.6272173396624,0.0798136080520777,20.7513386561059,0.00997117997448267,13798.1100845429,0.798654208937283,0.380186391947922,0.278654208937283,0.535873478725544,0.0832362193263330,6.03076307260691,0.0112668883399814,0.0598862417016210,0.0419203691911347,0.477203844724487,0.00947742198791569,0.760604806977000,1.07297612714149,0.0133696861321399,-0.0517308742425175,-0.0729761271414871,0.00811690209768666,0.623622251675835,0.127505133313249,0.879736470588235,0.854882296458125,0.924598451468596,0.00166510405607894,0.00000000000000,0.00000000000000,0.00000000000000,0.00166510405607894,0.00000000000000,0.00000000000000,0.00000000000000,0.00000000000000
apDrone,mid_domain_mid_rpm,0.325120000000000,4712.25000000000,0.325120000000000,4712.25000000000,LINEAR_RPM,false,false,0.0975000000000000,0.0475000000000000,0.667351578947369,3.30768886848000,0.207448558179855,1.02820658303687,0.00208364361241375,15.7402908826568,1.37267335625785,0.970934395281328,0.944298948576672,accepted-reference-payload-bridge,INTERPOLATED,ct-cp-j-lookup-interpolated,false,3.30768886848000,0.00000000000000,3.30768886848000,0.00000000000000,0.00000000000000,0.00000000000000,0.00000000000000,0.00000000000000,0.00000000000000,0.00000000000000,0.207448558179855,0.00000000000000,0.00000000000000,0.00208364361241375,0.00000000000000,-0.0139353868124530,0.00000000000000,0.0139353868124530,-0.0139353868124530,0.00208364361241375,0.0139353868124530,true,NOT_RUNTIME_CANDIDATE,0.0572721877555411,0.0557010514233281,25.0000000000000,0.00000000000000,1.83700000000000e-05,346.146703725458,31.9617711908757,31.9891441986496,0.0924149901020620,24.0078135996736,0.00997117997448267,15963.4258024125,0.923985758052253,0.367585009897938,0.403985758052253,0.776895688562025,0.0755637010196643,6.05303558099571,0.0101906973894669,0.0569543652951613,0.0398680557066129,0.691648057556135,0.0180739696433977,0.989008364924725,0.961877098669832,0.0175781500931604,0.0391982181121434,0.0381229013301677,0.00755985979686503,0.686175286673733,0.284759108607595,0.667351578947369,0.773225625739333,0.879332488731841,0.00208364361241375,0.00000000000000,0.00000000000000,0.00000000000000,0.00208364361241375,0.00000000000000,0.00000000000000,0.00000000000000,0.00000000000000
apDrone,mid_domain_mid_rpm,0.406400000000000,4712.25000000000,0.406400000000000,4712.25000000000,BILINEAR,false,false,0.0932500000000000,0.0507500000000000,0.746734975369458,4.13461108560000,0.198405928720733,1.09855755977097,0.00222620870168417,15.0541756390538,1.16043572511781,1.05056868010023,0.956316463125746,accepted-reference-payload-bridge,INTERPOLATED,ct-cp-j-lookup-interpolated,false,4.13461108560000,0.00000000000000,4.13461108560000,0.00000000000000,0.00000000000000,0.00000000000000,0.00000000000000,0.00000000000000,0.00000000000000,0.00000000000000,0.198405928720733,0.00000000000000,0.00000000000000,0.00222620870168417,0.00000000000000,-0.0133279468744743,0.00000000000000,0.0133279468744743,-0.0133279468744743,0.00222620870168417,0.0133279468744743,true,NOT_RUNTIME_CANDIDATE,0.0479888796707455,0.0436835368742538,25.0000000000000,0.00000000000000,1.83700000000000e-05,346.146703725458,31.9617711908757,32.0045312271647,0.0924594424349875,24.0283121826155,0.00997117997448267,15977.0558485844,0.924774684483226,0.367540557565013,0.404774684483226,0.778412854775434,0.0854876855418211,6.45548253583563,0.0108103252330140,0.0586603221481988,0.0410622255037392,0.634190647197859,0.0171914785426087,1.06776015864283,0.971965600842474,0.0156491377167282,0.0307974011281367,0.0280343991575256,0.00807711336191369,0.820331352337508,0.230237327762717,0.746734975369458,0.820240281237536,0.905671177214741,0.00222620870168417,0.00000000000000,0.00000000000000,0.00000000000000,0.00222620870168417,0.00000000000000,0.00000000000000,0.00000000000000,0.00000000000000
apDrone,mid_domain_mid_rpm,0.487680000000000,4712.25000000000,0.487680000000000,4712.25000000000,LINEAR_RPM,false,false,0.0890000000000000,0.0540000000000000,0.803768888888889,4.96153330272000,0.189363299261612,1.16890853650507,0.00236877379095458,14.3680603954508,0.986035567634140,1.12625126387592,0.963506748991074,accepted-reference-payload-bridge,INTERPOLATED,ct-cp-j-lookup-interpolated,false,4.96153330272000,0.00000000000000,4.96153330272000,0.00000000000000,0.00000000000000,0.00000000000000,0.00000000000000,0.00000000000000,0.00000000000000,0.00000000000000,0.189363299261612,0.00000000000000,0.00000000000000,0.00236877379095458,0.00000000000000,-0.0127205069364956,0.00000000000000,0.0127205069364956,-0.0127205069364956,0.00236877379095458,0.0127205069364956,true,NOT_RUNTIME_CANDIDATE,0.0426572726291563,0.0364932510089263,25.0000000000000,0.00000000000000,1.83700000000000e-05,346.146703725458,31.9617711908757,32.0233275549580,0.0925137440579440,24.0533422826601,0.00997117997448267,15993.6990194933,0.925738014853472,0.367486255942056,0.405738014853472,0.780265413179754,0.0960225500363863,6.93360443798828,0.0113051957077734,0.0599879617842350,0.0419915732489645,0.587473401010203,0.0165698911415546,1.14282115501747,0.977682273101024,0.0141755241099505,0.0260873814876017,0.0223177268989758,0.00859436692696235,0.939532315599419,0.186718948276497,0.803768888888889,0.857788892277762,0.926168932904663,0.00236877379095458,0.00000000000000,0.00000000000000,0.00000000000000,0.00236877379095458,0.00000000000000,0.00000000000000,0.00000000000000,0.00000000000000
apDrone,mid_domain_mid_rpm,0.325120000000000,5359.14000000000,0.325120000000000,5359.14000000000,EXACT,false,false,0.0950000000000000,0.0490000000000000,0.630334693877551,3.76176300549120,0.261434542610163,1.56021047278650,0.00278009392187232,19.8365116805999,1.53002022659332,1.38345492887215,0.886710449008417,accepted-reference-payload-bridge,INTERPOLATED,ct-cp-j-lookup-interpolated,false,3.76176300549120,0.00000000000000,3.76176300549120,0.00000000000000,0.00000000000000,0.00000000000000,0.00000000000000,0.00000000000000,0.00000000000000,0.00000000000000,0.261434542610163,0.00000000000000,0.00000000000000,0.00278009392187232,0.00000000000000,-0.0175619031020247,0.00000000000000,0.0175619031020247,-0.0175619031020247,0.00278009392187232,0.0175619031020247,true,NOT_RUNTIME_CANDIDATE,0.176755543914348,0.113289550991583,25.0000000000000,0.00000000000000,1.83700000000000e-05,346.146703725458,36.3494310488343,36.3805617785031,0.105101569325814,27.3035671228298,0.00997117997448267,18154.8588794612,1.05082901701059,0.354898430674186,0.530829017010590,0.771518327552579,0.0854349955857325,6.82180345867784,0.0102235213843130,0.0570460158840057,0.0399322111188040,0.814892476850125,0.0283665436798678,1.41182147255201,0.904891677871216,0.0181812288627995,0.148389000234480,0.0951083221287838,0.00779859221150287,0.983454790748425,0.400000138123723,0.630334693877551,0.775716167160017,0.880747504770815,0.00278009392187232,0.00000000000000,0.00000000000000,0.00000000000000,0.00278009392187232,0.00000000000000,0.00000000000000,0.00000000000000,0.00000000000000
apDrone,mid_domain_mid_rpm,0.406400000000000,5359.14000000000,0.406400000000000,5359.14000000000,LINEAR_ADVANCE,false,false,0.0905000000000000,0.0530000000000000,0.693947169811321,4.70220375686400,0.249050801118103,1.68757459301396,0.00300704036447414,18.8968874430978,1.28767474643295,1.49178403984621,0.883981096907794,accepted-reference-payload-bridge,INTERPOLATED,ct-cp-j-lookup-interpolated,false,4.70220375686400,0.00000000000000,4.70220375686400,0.00000000000000,0.00000000000000,0.00000000000000,0.00000000000000,0.00000000000000,0.00000000000000,0.00000000000000,0.249050801118103,0.00000000000000,0.00000000000000,0.00300704036447414,0.00000000000000,-0.0167300234814025,0.00000000000000,0.0167300234814025,-0.0167300234814025,0.00300704036447414,0.0167300234814025,true,NOT_RUNTIME_CANDIDATE,0.195790553167757,0.116018903092206,25.0000000000000,0.00000000000000,1.83700000000000e-05,346.146703725458,36.3494310488343,36.3980611132150,0.105152124002555,27.3268797178295,0.00997117997448267,18170.3600361573,1.05172624597622,0.354847875997445,0.531726245976218,0.771408426081403,0.0967056323066097,7.27755324972989,0.0108475157243883,0.0587611393321038,0.0411327975324727,0.755960739308177,0.0276325048796256,1.51941654472583,0.900355190825784,0.0163740939179907,0.168158048288131,0.0996448091742158,0.00843521198387045,1.17108761266753,0.320696427178675,0.693947169811321,0.823062133350830,0.907227718575017,0.00300704036447414,0.00000000000000,0.00000000000000,0.00000000000000,0.00300704036447414,0.00000000000000,0.00000000000000,0.00000000000000,0.00000000000000
apDrone,mid_domain_mid_rpm,0.487680000000000,5359.14000000000,0.487680000000000,5359.14000000000,EXACT,false,false,0.0860000000000000,0.0570000000000000,0.735797894736842,5.64264450823680,0.236667059626042,1.81493871324143,0.00323398680707596,17.9572632055957,1.08883815787765,1.59312020951298,0.877781821441072,accepted-reference-payload-bridge,INTERPOLATED,ct-cp-j-lookup-interpolated,false,5.64264450823680,0.00000000000000,5.64264450823680,0.00000000000000,0.00000000000000,0.00000000000000,0.00000000000000,0.00000000000000,0.00000000000000,0.00000000000000,0.236667059626042,0.00000000000000,0.00000000000000,0.00323398680707596,0.00000000000000,-0.0158981438607803,0.00000000000000,0.0158981438607803,-0.0158981438607803,0.00323398680707596,0.0158981438607803,true,NOT_RUNTIME_CANDIDATE,0.221818503728453,0.122218178558928,25.0000000000000,0.00000000000000,1.83700000000000e-05,346.146703725458,36.3494310488343,36.4194377702536,0.105213880063810,27.3553459092143,0.00997117997448267,18189.2879544437,1.05282182076966,0.354786119936190,0.532821820769662,0.771274173774326,0.108678713137382,7.82032082399211,0.0113444600091936,0.0600920441850915,0.0420644309295641,0.707422288187881,0.0271939296036354,1.62031413911662,0.892765208706567,0.0149833872654949,0.194624574124817,0.107234791293433,0.00907183175623804,1.33542808427944,0.257692125233541,0.735797894736842,0.860768096043172,0.927775886754539,0.00323398680707596,0.00000000000000,0.00000000000000,0.00000000000000,0.00323398680707596,0.00000000000000,0.00000000000000,0.00000000000000,0.00000000000000
apDrone,high_domain_max_rpm,0.650240000000000,7946.70000000000,0.650240000000000,7946.70000000000,EXACT,false,false,0.0880000000000000,0.0540000000000000,1.05965037037037,11.1561191070720,0.532482656653151,5.60603771411543,0.00673659717891246,40.4024591890577,1.32161783397984,6.64417851539045,1.18518262883981,accepted-reference-payload-bridge,INTERPOLATED,ct-cp-j-lookup-interpolated,false,11.1561191070720,0.00000000000000,11.1561191070720,0.00000000000000,0.00000000000000,0.00000000000000,0.00000000000000,0.00000000000000,0.00000000000000,0.00000000000000,0.532482656653151,0.00000000000000,0.00000000000000,0.00673659717891246,0.00000000000000,-0.0357695992514488,0.00000000000000,0.0357695992514488,-0.0357695992514488,0.00673659717891246,0.0357695992514488,false,MOMENTUM_POWER_CLOSURE_FAILED,-1.03814080127502,-0.185182628839811,25.0000000000000,0.00000000000000,1.83700000000000e-05,346.146703725458,53.9000704806689,54.0844805539081,0.156247278890180,40.6706077866970,0.00997117997448267,27042.9552881395,1.56528466077178,0.303752721109820,1.04528466077178,0.660332002412653,0.201451071165431,13.7993547750317,0.0119172132823304,0.0615903142022067,0.0431132199415447,0.775640608587766,0.0605983308918572,6.70477684628231,1.19599210497645,0.0108094761366440,-1.09873913216688,-0.195992104976455,0.00859436692696235,5.94043994007268,0.703738575317768,1.05965037037037,0.904226113791121,0.950908046969380,0.00673659717891246,0.00000000000000,0.00000000000000,0.00000000000000,0.00673659717891246,0.00000000000000,0.00000000000000,0.00000000000000,0.00000000000000
apDrone,high_domain_max_rpm,0.731520000000000,7946.70000000000,0.731520000000000,7946.70000000000,LINEAR_ADVANCE,false,false,0.0840000000000000,0.0570000000000000,1.07802947368421,12.5506339954560,0.508278899532554,5.91748425378851,0.00711085257774093,38.5659837713733,1.14902279028282,6.96324647502901,1.17672412403480,accepted-reference-payload-bridge,INTERPOLATED,ct-cp-j-lookup-interpolated,false,12.5506339954560,0.00000000000000,12.5506339954560,0.00000000000000,0.00000000000000,0.00000000000000,0.00000000000000,0.00000000000000,0.00000000000000,0.00000000000000,0.508278899532554,0.00000000000000,0.00000000000000,0.00711085257774093,0.00000000000000,-0.0341437083763829,0.00000000000000,0.0341437083763829,-0.0341437083763829,0.00711085257774093,0.0341437083763829,false,MOMENTUM_POWER_CLOSURE_FAILED,-1.04576222124050,-0.176724124034801,25.0000000000000,0.00000000000000,1.83700000000000e-05,346.146703725458,53.9000704806689,54.1333588835122,0.156388485867101,40.7355845050051,0.00997117997448267,27086.1600146877,1.56778541170740,0.303611514132899,1.04778541170740,0.660025030723695,0.221178772010016,14.8486795760216,0.0121596064266603,0.0622135269672918,0.0435494688771042,0.738236254864662,0.0602704155899139,7.02351689061892,1.18690926572763,0.0101851416928279,-1.10603263683041,-0.186909265727628,0.00907183175623803,6.37922243564623,0.584024039382778,1.07802947368421,0.922617847304193,0.960529982511838,0.00711085257774093,0.00000000000000,0.00000000000000,0.00000000000000,0.00711085257774093,0.00000000000000,0.00000000000000,0.00000000000000,0.00000000000000
apDrone,high_domain_max_rpm,0.812800000000000,7946.70000000000,0.812800000000000,7946.70000000000,EXACT,false,false,0.0800000000000000,0.0600000000000000,1.08373333333333,13.9451488838400,0.484075142411956,6.22893079346159,0.00748510797656940,36.7295083536888,1.00291491051764,7.23598611003667,1.16167386506079,accepted-reference-payload-bridge,INTERPOLATED,ct-cp-j-lookup-interpolated,false,13.9451488838400,0.00000000000000,13.9451488838400,0.00000000000000,0.00000000000000,0.00000000000000,0.00000000000000,0.00000000000000,0.00000000000000,0.00000000000000,0.484075142411956,0.00000000000000,0.00000000000000,0.00748510797656940,0.00000000000000,-0.0325178175013171,0.00000000000000,0.0325178175013171,-0.0325178175013171,0.00748510797656940,0.0325178175013171,false,MOMENTUM_POWER_CLOSURE_FAILED,-1.00705531657508,-0.161673865060786,25.0000000000000,0.00000000000000,1.83700000000000e-05,346.146703725458,53.9000704806689,54.1879354303508,0.156546154700145,40.8080831105450,0.00997117997448267,27134.3662416108,1.57057565658828,0.303453845299855,1.05057565658828,0.659682272390989,0.241334103888289,15.9509787048753,0.0123508052634619,0.0627007449532357,0.0438905214672650,0.706656943692803,0.0602567860794062,7.29624289611608,1.17134756157105,0.00967369651026735,-1.06731210265449,-0.171347561571053,0.00954929658551372,6.75049993190077,0.485486178135900,1.08373333333333,0.937125180274292,0.968052261127617,0.00748510797656940,0.00000000000000,0.00000000000000,0.00000000000000,0.00748510797656940,0.00000000000000,0.00000000000000,0.00000000000000,0.00000000000000
apDrone,static_rotor_spec_low_rpm_anchor,0.00000000000000,1477.80000000000,0.00000000000000,1477.80000000000,STATIC_ROTOR_SPEC,false,false,0.159299848814191,0.104870616017161,0.00000000000000,0.00000000000000,0.0333346459553184,0.0700168562189685,0.000452437221559210,2.52928739737099,1.01605226391587,0.0338697424897352,0.483736978761401,rotor-spec-static-ct-cp-model,STATIC_ROTOR_SPEC,rotor-spec-static-reference-sample,false,0.00000000000000,0.00000000000000,0.00000000000000,0.00000000000000,0.00000000000000,0.00000000000000,0.00000000000000,0.00000000000000,0.00000000000000,0.00000000000000,0.0333346459553184,0.00000000000000,0.00000000000000,0.000452437221559210,0.00000000000000,-0.00223925964932854,0.00000000000000,0.00223925964932854,-0.00223925964932854,0.000452437221559210,0.00223925964932854,true,NOT_RUNTIME_CANDIDATE,0.0361471137292333,0.516263021238599,25.0000000000000,0.00000000000000,1.83700000000000e-05,346.146703725458,10.0234719010825,10.0234719010825,0.0289572940987256,7.51760392581189,0.00997117997448267,4998.65229223767,0.289329094183834,0.431042705901274,-0.230670905816166,-0.443597895800319,0.0164040016144674,2.03210452783174,0.00658973076566296,0.0457993062174527,0.0320595143522169,0.860303290704709,0.00607047920733349,0.0399402216970687,0.570437232602403,0.0867002538410017,0.0300766345218998,0.429562767397597,0.0166906769242232,0.00000000000000,0.0338697424897352,0.00000000000000,0.500000000000000,0.707106781186548,0.000452437221559210,0.00000000000000,0.00000000000000,0.00000000000000,0.000452437221559210,0.00000000000000,0.00000000000000,0.00000000000000,0.00000000000000
apDrone,static_rotor_spec_hover,0.00000000000000,10046.5319353468,0.00000000000000,10046.5319353468,STATIC_ROTOR_SPEC,false,false,0.159299848814191,0.104870616017161,0.00000000000000,0.00000000000000,1.54062471500000,21.9990601669645,0.0209102555477672,116.895877068887,6.90743099026404,10.6417589007577,0.483736978761401,rotor-spec-static-ct-cp-model,STATIC_ROTOR_SPEC,rotor-spec-static-reference-sample,false,0.00000000000000,0.00000000000000,0.00000000000000,0.00000000000000,0.00000000000000,0.00000000000000,0.00000000000000,0.00000000000000,0.00000000000000,0.00000000000000,1.54062471500000,0.00000000000000,0.00000000000000,0.0209102555477672,0.00000000000000,-0.103491687407809,0.00000000000000,0.103491687407809,-0.103491687407809,0.0209102555477672,0.103491687407809,true,NOT_RUNTIME_CANDIDATE,11.3573012662068,0.516263021238599,25.0000000000000,0.00000000000000,1.83700000000000e-05,346.146703725458,68.1425974809018,68.1425974809018,0.196860454678627,51.1069481106764,0.00997117997448267,33982.3520690623,1.96694680237031,0.263139545321373,1.44694680237031,0.572042489829071,0.111519370745180,13.8148619805281,0.00658973076566296,0.0457993062174527,0.0320595143522169,5.84860230352470,1.90732410073930,12.5490830014970,0.570437232602403,0.0867002538410018,9.44997716546754,0.429562767397597,0.0166906769242232,0.00000000000000,10.6417589007577,0.00000000000000,0.500000000000000,0.707106781186548,0.0209102555477672,0.00000000000000,0.00000000000000,0.00000000000000,0.0209102555477672,0.00000000000000,0.00000000000000,0.00000000000000,0.00000000000000
apDrone,static_rotor_spec_aiio_low_dynamic_mean,0.00000000000000,13642.4896521654,0.00000000000000,13642.4896521654,STATIC_ROTOR_SPEC,false,false,0.159299848814191,0.104870616017161,0.00000000000000,0.00000000000000,2.84087279923573,55.0854015177861,0.0385579795211319,215.553024870047,9.37980951179555,26.6468457040725,0.483736978761401,rotor-spec-static-ct-cp-model,STATIC_ROTOR_SPEC,rotor-spec-static-reference-sample,false,0.00000000000000,0.00000000000000,0.00000000000000,0.00000000000000,0.00000000000000,0.00000000000000,0.00000000000000,0.00000000000000,0.00000000000000,0.00000000000000,2.84087279923573,0.00000000000000,0.00000000000000,0.0385579795211319,0.00000000000000,-0.190836039978659,0.00000000000000,0.190836039978659,-0.190836039978659,0.0385579795211319,0.190836039978659,true,NOT_RUNTIME_CANDIDATE,28.4385558137136,0.516263021238599,25.0000000000000,0.00000000000000,1.83700000000000e-05,346.146703725458,92.5328946334339,92.5328946334339,0.267322767016222,69.3996709750754,0.00997117997448267,46145.6639407398,2.67097656886814,0.192677232983778,2.15097656886814,0.418863549964734,0.151435527324046,18.7596190235911,0.00658973076566296,0.0457993062174527,0.0320595143522169,7.94199400538830,4.77591829452556,31.4227639985981,0.570437232602402,0.0867002538410018,23.6626375191880,0.429562767397598,0.0166906769242232,0.00000000000000,26.6468457040725,0.00000000000000,0.500000000000000,0.707106781186548,0.0385579795211319,0.00000000000000,0.00000000000000,0.00000000000000,0.0385579795211319,0.00000000000000,0.00000000000000,0.00000000000000,0.00000000000000
apDrone,static_rotor_spec_urban_p95,0.00000000000000,14100.0000000000,0.00000000000000,14100.0000000000,STATIC_ROTOR_SPEC,false,false,0.159299848814191,0.104870616017161,0.00000000000000,0.00000000000000,3.03460904353569,60.8153146680637,0.0411874806174952,230.252885242907,9.69436792611569,29.4186165799530,0.483736978761401,rotor-spec-static-ct-cp-model,STATIC_ROTOR_SPEC,rotor-spec-static-reference-sample,false,0.00000000000000,0.00000000000000,0.00000000000000,0.00000000000000,0.00000000000000,0.00000000000000,0.00000000000000,0.00000000000000,0.00000000000000,0.00000000000000,3.03460904353569,0.00000000000000,0.00000000000000,0.0411874806174952,0.00000000000000,-0.203850300128740,0.00000000000000,0.203850300128740,-0.203850300128740,0.0411874806174952,0.203850300128740,true,NOT_RUNTIME_CANDIDATE,31.3966980881106,0.516263021238599,25.0000000000000,0.00000000000000,1.83700000000000e-05,346.146703725458,95.6360494013151,95.6360494013151,0.276287621323610,71.7270370509863,0.00997117997448267,47693.1907704366,2.76054961969960,0.183712378676390,2.24054961969960,0.399374736253022,0.156514022712133,19.3887358522314,0.00658973076566296,0.0457993062174527,0.0320595143522169,8.20833427996779,5.27270321914152,34.6913197990945,0.570437232602403,0.0867002538410018,26.1239948689691,0.429562767397597,0.0166906769242232,0.00000000000000,29.4186165799530,0.00000000000000,0.500000000000000,0.707106781186548,0.0411874806174952,0.00000000000000,0.00000000000000,0.00000000000000,0.0411874806174952,0.00000000000000,0.00000000000000,0.00000000000000,0.00000000000000
apDrone,static_rotor_spec_half_max,0.00000000000000,14869.7828839947,0.00000000000000,14869.7828839947,STATIC_ROTOR_SPEC,false,false,0.159299848814191,0.104870616017161,0.00000000000000,0.00000000000000,3.37500000000000,71.3295529813269,0.0458074648463070,256.080264886244,10.2236273942484,34.5047424555883,0.483736978761401,rotor-spec-static-ct-cp-model,STATIC_ROTOR_SPEC,rotor-spec-static-reference-sample,false,0.00000000000000,0.00000000000000,0.00000000000000,0.00000000000000,0.00000000000000,0.00000000000000,0.00000000000000,0.00000000000000,0.00000000000000,0.00000000000000,3.37500000000000,0.00000000000000,0.00000000000000,0.0458074648463070,0.00000000000000,-0.226716111717937,0.00000000000000,0.226716111717937,-0.226716111717937,0.0458074648463070,0.226716111717937,true,NOT_RUNTIME_CANDIDATE,36.8248105257385,0.516263021238599,25.0000000000000,0.00000000000000,1.83700000000000e-05,346.146703725458,100.857254644010,100.857254644010,0.291371414370030,75.6429409830078,0.00997117997448267,50296.9781419384,2.91126053088136,0.168628585629970,2.39126053088136,0.366583881804283,0.165058832342555,20.4472547884968,0.00658973076566296,0.0457993062174527,0.0320595143522169,8.65646443846610,6.18429034984622,40.6890328054345,0.570437232602403,0.0867002538410018,30.6405201758923,0.429562767397597,0.0166906769242232,0.00000000000000,34.5047424555883,0.00000000000000,0.500000000000000,0.707106781186548,0.0458074648463070,0.00000000000000,0.00000000000000,0.00000000000000,0.0458074648463070,0.00000000000000,0.00000000000000,0.00000000000000,0.00000000000000
apDrone,static_rotor_spec_max,0.00000000000000,29739.5657679894,0.00000000000000,29739.5657679894,STATIC_ROTOR_SPEC,false,false,0.159299848814191,0.104870616017161,0.00000000000000,0.00000000000000,13.5000000000000,570.636423850615,0.183229859385228,1024.32105954498,20.4472547884968,276.037939644707,0.483736978761401,rotor-spec-static-ct-cp-model,STATIC_ROTOR_SPEC,rotor-spec-static-reference-sample,false,0.00000000000000,0.00000000000000,0.00000000000000,0.00000000000000,0.00000000000000,0.00000000000000,0.00000000000000,0.00000000000000,0.00000000000000,0.00000000000000,13.5000000000000,0.00000000000000,0.00000000000000,0.183229859385228,0.00000000000000,-0.906864446871748,0.00000000000000,0.906864446871748,-0.906864446871748,0.183229859385228,0.906864446871748,true,NOT_RUNTIME_CANDIDATE,294.598484205908,0.516263021238599,25.0000000000000,0.00000000000000,1.83700000000000e-05,346.146703725458,201.714509288021,201.714509288021,0.582742828740060,151.285881966016,0.00997117997448267,100593.956283877,3.66395064679153,-0.122742828740060,3.14395064679153,-0.266832236391434,0.330117664685111,40.8945095769936,0.00658973076566296,0.0457993062174527,0.0320595143522169,17.3129288769322,49.4743227987698,325.512262443476,0.570437232602403,0.0867002538410018,245.124161407139,0.429562767397597,0.0166906769242232,0.00000000000000,276.037939644707,0.00000000000000,0.500000000000000,0.707106781186548,0.183229859385228,0.00000000000000,0.00000000000000,0.00000000000000,0.183229859385228,0.00000000000000,0.00000000000000,0.00000000000000,0.00000000000000
apDrone,static_rotor_spec_foxeer_public_test,0.00000000000000,29802.0000000000,0.00000000000000,29802.0000000000,STATIC_ROTOR_SPEC,false,false,0.159299848814191,0.104870616017161,0.00000000000000,0.00000000000000,13.5567423799500,574.237898142002,0.184000000000000,1028.62642360064,20.4901810591560,277.780105937509,0.483736978761401,rotor-spec-static-ct-cp-model,STATIC_ROTOR_SPEC,rotor-spec-static-reference-sample,false,0.00000000000000,0.00000000000000,0.00000000000000,0.00000000000000,0.00000000000000,0.00000000000000,0.00000000000000,0.00000000000000,0.00000000000000,0.00000000000000,13.5567423799500,0.00000000000000,0.00000000000000,0.184000000000000,0.00000000000000,-0.910676124427861,0.00000000000000,0.910676124427861,-0.910676124427861,0.184000000000000,0.910676124427861,true,NOT_RUNTIME_CANDIDATE,296.457792204493,0.516263021238599,25.0000000000000,0.00000000000000,1.83700000000000e-05,346.146703725458,202.137981862269,202.137981862269,0.583966219197604,151.603486396702,0.00997117997448267,100805.139811387,3.66395064679153,-0.123966219197604,3.14395064679153,-0.269491780864357,0.330810702472836,40.9803621183120,0.00658973076566296,0.0457993062174527,0.0320595143522169,17.3492750504681,49.7865715340349,327.566677471544,0.570437232602403,0.0867002538410018,246.671220670458,0.429562767397598,0.0166906769242232,0.00000000000000,277.780105937509,0.00000000000000,0.500000000000000,0.707106781186548,0.184000000000000,0.00000000000000,0.00000000000000,0.00000000000000,0.184000000000000,0.00000000000000,0.00000000000000,0.00000000000000,0.00000000000000
apDrone,static_anchored_runtime_hover,0.00000000000000,10046.5319353468,0.00000000000000,10046.5319353468,EXACT,false,false,0.159299848814191,0.104870616017161,0.00000000000000,0.00000000000000,1.54062471500000,21.9990601669645,0.0209102555477672,116.895877068887,6.90743099026404,10.6417589007577,0.483736978761401,accepted-reference-advance-shape+rotor-spec-static-ct-cp,INTERPOLATED,static-anchored-ct-cp-j-lookup-interpolated,true,0.00000000000000,0.00000000000000,0.00000000000000,0.00000000000000,0.00000000000000,0.00000000000000,0.00000000000000,0.00000000000000,0.00000000000000,0.00000000000000,1.54062471500000,0.00000000000000,0.00000000000000,0.0209102555477672,0.00000000000000,-0.103491687407809,0.00000000000000,0.103491687407809,-0.103491687407809,0.0209102555477672,0.103491687407809,true,ACCEPTED,11.3573012662068,0.516263021238599,25.0000000000000,0.00000000000000,1.83700000000000e-05,346.146703725458,68.1425974809018,68.1425974809018,0.196860454678627,51.1069481106764,0.00997117997448267,33982.3520690623,1.96694680237031,0.263139545321373,1.44694680237031,0.572042489829071,0.111519370745180,13.8148619805281,0.00658973076566296,0.0457993062174527,0.0320595143522169,5.84860230352470,1.90732410073930,12.5490830014970,0.570437232602403,0.0867002538410018,9.44997716546754,0.429562767397597,0.0166906769242232,0.00000000000000,10.6417589007577,0.00000000000000,0.500000000000000,0.707106781186548,0.0209102555477672,0.00000000000000,0.00000000000000,0.00000000000000,0.0209102555477672,0.00000000000000,0.00000000000000,0.00000000000000,0.00000000000000
apDrone,static_anchored_runtime_hover,0.325120000000000,10046.5319353468,0.325120000000000,10046.5319353468,EXACT,false,false,0.129431127161530,0.124533856520378,0.337905283258218,7.05200315122827,1.25175758093750,26.1238839482704,0.0248309284629735,94.9779001184708,3.62935844017173,13.3704753467696,0.511810394397914,accepted-reference-advance-shape+rotor-spec-static-ct-cp,INTERPOLATED,static-anchored-ct-cp-j-lookup-interpolated,true,7.05200315122827,0.00000000000000,7.05200315122827,0.00000000000000,0.00000000000000,0.00000000000000,0.00000000000000,0.00000000000000,0.00000000000000,0.00000000000000,1.25175758093750,0.00000000000000,0.00000000000000,0.0248309284629735,0.00000000000000,-0.0840869960188447,0.00000000000000,0.0840869960188447,-0.0840869960188447,0.0248309284629735,0.0840869960188447,true,ACCEPTED,12.7534086015008,0.488189605602086,25.0000000000000,0.00000000000000,1.83700000000000e-05,346.146703725458,68.1425974809018,68.2009568202338,0.197029051804366,51.1847346866090,0.00997117997448267,34034.0744063826,1.96994056471485,0.262970948195634,1.44994056471485,0.571675974338335,0.172448877890147,14.3107200315717,0.00983700288213781,0.0559572628691121,0.0391700840083784,3.67602183999304,1.16516261897308,14.5356379657427,0.556411825842039,0.0446014314441257,11.5882459825277,0.443588174157961,0.0198201788475151,8.82739840534513,4.54307694142447,0.337905283258218,0.746388830739139,0.863937978525738,0.0248309284629735,0.00000000000000,0.00000000000000,0.00000000000000,0.0248309284629735,0.00000000000000,0.00000000000000,0.00000000000000,0.00000000000000
apDrone,static_anchored_runtime_hover,0.406400000000000,10046.5319353468,0.406400000000000,10046.5319353468,EXACT,false,false,0.123789257516028,0.133054594071773,0.378100091962074,8.81500393903533,1.19719378894792,27.9113075868363,0.0265298867262296,90.8378378056144,3.10932861945995,14.2757368763800,0.511467864125177,accepted-reference-advance-shape+rotor-spec-static-ct-cp,INTERPOLATED,static-anchored-ct-cp-j-lookup-interpolated,true,8.81500393903533,0.00000000000000,8.81500393903533,0.00000000000000,0.00000000000000,0.00000000000000,0.00000000000000,0.00000000000000,0.00000000000000,0.00000000000000,1.19719378894792,0.00000000000000,0.00000000000000,0.0265298867262296,0.00000000000000,-0.0804216654231514,0.00000000000000,0.0804216654231514,-0.0804216654231514,0.0265298867262296,0.0804216654231514,true,ACCEPTED,13.6355707104563,0.488532135874823,25.0000000000000,0.00000000000000,1.83700000000000e-05,346.146703725458,68.1425974809018,68.2337620137966,0.197123824319053,51.2284377304110,0.00997117997448267,34063.1337080210,1.97162255836617,0.262876175680947,1.45162255836617,0.571469947132493,0.192516445745747,15.0336611779552,0.0104536267234673,0.0576844236562584,0.0403790965593809,3.41280097963887,1.12113978671905,15.3968766630990,0.551635806212125,0.0401679420869488,12.5144309237372,0.448364193787875,0.0211762963476082,10.5532679653645,3.72246891101546,0.378100091962074,0.793175555664421,0.890604039775489,0.0265298867262296,0.00000000000000,0.00000000000000,0.00000000000000,0.0265298867262296,0.00000000000000,0.00000000000000,0.00000000000000,0.00000000000000
apDrone,static_anchored_runtime_hover,0.487680000000000,10046.5319353468,0.487680000000000,10046.5319353468,EXACT,false,false,0.118147387870525,0.141575331623167,0.406978514237640,10.5780047268424,1.14262999695833,29.6987312254021,0.0282288449894857,86.6977754927579,2.67092182843994,15.1386209095634,0.509739651659428,accepted-reference-advance-shape+rotor-spec-static-ct-cp,INTERPOLATED,static-anchored-ct-cp-j-lookup-interpolated,true,10.5780047268424,0.00000000000000,10.5780047268424,0.00000000000000,0.00000000000000,0.00000000000000,0.00000000000000,0.00000000000000,0.00000000000000,0.00000000000000,1.14262999695833,0.00000000000000,0.00000000000000,0.0282288449894857,0.00000000000000,-0.0767563348274582,0.00000000000000,0.0767563348274582,-0.0767563348274582,0.0282288449894857,0.0767563348274582,true,ACCEPTED,14.5601103158387,0.490260348340573,25.0000000000000,0.00000000000000,1.83700000000000e-05,346.146703725458,68.1425974809018,68.2738358442265,0.197239595551304,51.2818019830382,0.00997117997448267,34098.6170011488,1.97367638176878,0.262760404448696,1.45367638176878,0.571218270540643,0.213901804386715,15.9198483837223,0.0109683028165799,0.0590873863119270,0.0413611704183489,3.19069903587182,1.08882011293097,16.2274410224944,0.546401827718978,0.0366621760595506,13.4712902029077,0.453598172281022,0.0225324138477013,12.0867455088572,3.05187540070628,0.406978514237640,0.832226930554759,0.912264726137517,0.0282288449894857,3.46944695195361e-18,1.22904318375260e-16,0.00000000000000,0.0282288449894857,0.00000000000000,0.00000000000000,3.46944695195361e-18,0.00000000000000
apDrone,static_anchored_runtime_hover,0.650240000000000,10046.5319353468,0.650240000000000,10046.5319353468,EXACT,false,false,0.116819889130407,0.141575331623167,0.536540962590447,14.1040063024565,1.12979145766667,29.6987312254021,0.0282288449894857,85.7236431838505,2.15234313521657,18.3662847275274,0.618419843869229,accepted-reference-advance-shape+rotor-spec-static-ct-cp,INTERPOLATED,static-anchored-ct-cp-j-lookup-interpolated,true,14.1040063024565,0.00000000000000,14.1040063024565,0.00000000000000,0.00000000000000,0.00000000000000,0.00000000000000,0.00000000000000,0.00000000000000,0.00000000000000,1.12979145766667,0.00000000000000,0.00000000000000,0.0282288449894857,0.00000000000000,-0.0758939040990598,0.00000000000000,0.0758939040990598,-0.0758939040990598,0.0282288449894857,0.0758939040990598,true,ACCEPTED,11.3324464978747,0.381580156130771,25.0000000000000,0.00000000000000,1.83700000000000e-05,346.146703725458,68.1425974809018,68.3757359773843,0.197533979787991,51.4173883447236,0.00997117997448267,34188.7719340668,1.97889467733174,0.262466020212009,1.45889467733174,0.570578304808716,0.262456166765665,18.4086925728897,0.0116385197484980,0.0608658845043115,0.0426061191530181,2.52443591237201,0.836287268975451,19.2025719965028,0.646578867318021,0.0281590234487914,10.4961592288993,0.353421132681979,0.0225324138477013,15.9345858393922,2.43169888813517,0.536540962590447,0.883080065208634,0.939723398244736,0.0282288449894857,0.00000000000000,0.00000000000000,0.00000000000000,0.0282288449894857,0.00000000000000,0.00000000000000,0.00000000000000,0.00000000000000
apDrone,static_anchored_runtime_hover,0.731520000000000,10046.5319353468,0.731520000000000,10046.5319353468,EXACT,false,false,0.111509894169934,0.149440627824454,0.545846996032506,15.8670070902636,1.07843730050000,31.3486607379245,0.0297971141555683,81.8271139482210,1.88175501082590,19.1409270875157,0.610581971827577,accepted-reference-advance-shape+rotor-spec-static-ct-cp,INTERPOLATED,static-anchored-ct-cp-j-lookup-interpolated,true,15.8670070902636,0.00000000000000,15.8670070902636,0.00000000000000,0.00000000000000,0.00000000000000,0.00000000000000,0.00000000000000,0.00000000000000,0.00000000000000,1.07843730050000,0.00000000000000,0.00000000000000,0.0297971141555683,0.00000000000000,-0.0724441811854662,0.00000000000000,0.0724441811854662,-0.0724441811854662,0.0297971141555683,0.0724441811854662,true,ACCEPTED,12.2077336504088,0.389418028172423,25.0000000000000,0.00000000000000,1.83700000000000e-05,346.146703725458,68.1425974809018,68.4375298917531,0.197712499224125,51.4995344777772,0.00997117997448267,34243.3930554159,1.98205622541297,0.262287500775875,1.46205622541297,0.570190219077989,0.286550930991456,19.6305171119154,0.0119160960460883,0.0615874270950289,0.0431111989665202,2.41202763780595,0.833559082013753,19.9744861695294,0.637171914185317,0.0265899423577398,11.3741745683950,0.362828085814683,0.0237842146170181,17.1115722934382,2.02935479407743,0.545846996032506,0.904141342782880,0.950863472209802,0.0297971141555683,0.00000000000000,0.00000000000000,0.00000000000000,0.0297971141555683,0.00000000000000,0.00000000000000,0.00000000000000,0.00000000000000
apDrone,static_anchored_runtime_hover,0.812800000000000,10046.5319353468,0.812800000000000,10046.5319353468,EXACT,false,false,0.106199899209461,0.157305924025741,0.548735075376593,17.6300078780707,1.02708314333333,32.9985902504468,0.0313653833216508,77.9305847125914,1.64982746757200,19.8019938897518,0.600086056387929,accepted-reference-advance-shape+rotor-spec-static-ct-cp,INTERPOLATED,static-anchored-ct-cp-j-lookup-interpolated,true,17.6300078780707,0.00000000000000,17.6300078780707,0.00000000000000,0.00000000000000,0.00000000000000,0.00000000000000,0.00000000000000,0.00000000000000,0.00000000000000,1.02708314333333,0.00000000000000,0.00000000000000,0.0313653833216508,0.00000000000000,-0.0689944582718725,0.00000000000000,0.0689944582718725,-0.0689944582718725,0.0313653833216508,0.0689944582718725,true,ACCEPTED,13.1965963606950,0.399913943612071,25.0000000000000,0.00000000000000,1.83700000000000e-05,346.146703725458,68.1425974809018,68.5065277173580,0.197911830388808,51.5911900776896,0.00997117997448267,34304.3372710357,1.98558376317117,0.262088169611192,1.46558376317117,0.569756890459112,0.311269864128539,20.9296628132147,0.0121405610083580,0.0621647857937097,0.0435153500555968,2.31563999452206,0.834543856022460,20.6365377457742,0.625376344539289,0.0252902881513600,12.3620525046726,0.374623655460711,0.0250360153863348,18.1074839084003,1.69450998135152,0.548735075376594,0.921172764114942,0.959777455515049,0.0313653833216508,0.00000000000000,0.00000000000000,0.00000000000000,0.0313653833216508,0.00000000000000,0.00000000000000,0.00000000000000,0.00000000000000
apDrone,static_anchored_runtime_half_max,0.00000000000000,14869.7828839947,0.00000000000000,14869.7828839947,EXACT,false,false,0.159299848814191,0.104870616017161,0.00000000000000,0.00000000000000,3.37500000000000,71.3295529813269,0.0458074648463070,256.080264886244,10.2236273942484,34.5047424555883,0.483736978761401,accepted-reference-advance-shape+rotor-spec-static-ct-cp,INTERPOLATED,static-anchored-ct-cp-j-lookup-interpolated,true,0.00000000000000,0.00000000000000,0.00000000000000,0.00000000000000,0.00000000000000,0.00000000000000,0.00000000000000,0.00000000000000,0.00000000000000,0.00000000000000,3.37500000000000,0.00000000000000,0.00000000000000,0.0458074648463070,0.00000000000000,-0.226716111717937,0.00000000000000,0.226716111717937,-0.226716111717937,0.0458074648463070,0.226716111717937,true,ACCEPTED,36.8248105257385,0.516263021238599,25.0000000000000,0.00000000000000,1.83700000000000e-05,346.146703725458,100.857254644010,100.857254644010,0.291371414370030,75.6429409830078,0.00997117997448267,50296.9781419384,2.91126053088136,0.168628585629970,2.39126053088136,0.366583881804283,0.165058832342555,20.4472547884968,0.00658973076566296,0.0457993062174527,0.0320595143522169,8.65646443846610,6.18429034984623,40.6890328054346,0.570437232602403,0.0867002538410018,30.6405201758923,0.429562767397597,0.0166906769242232,0.00000000000000,34.5047424555883,0.00000000000000,0.500000000000000,0.707106781186548,0.0458074648463070,0.00000000000000,0.00000000000000,0.00000000000000,0.0458074648463070,0.00000000000000,0.00000000000000,0.00000000000000,0.00000000000000
apDrone,static_anchored_runtime_half_max,0.325120000000000,14869.7828839947,0.325120000000000,14869.7828839947,EXACT,false,false,0.129431127161530,0.124533856520378,0.337905283258218,10.4376073684766,2.74218750000000,84.7038441653257,0.0543963645049896,208.065215220073,5.37178126350966,43.3523078892747,0.511810394397914,accepted-reference-advance-shape+rotor-spec-static-ct-cp,INTERPOLATED,static-anchored-ct-cp-j-lookup-interpolated,true,10.4376073684766,0.00000000000000,10.4376073684766,0.00000000000000,0.00000000000000,0.00000000000000,0.00000000000000,0.00000000000000,0.00000000000000,0.00000000000000,2.74218750000000,0.00000000000000,0.00000000000000,0.0543963645049896,0.00000000000000,-0.184206840770824,0.00000000000000,0.184206840770824,-0.184206840770824,0.0543963645049896,0.184206840770824,true,ACCEPTED,41.3515362760509,0.488189605602086,25.0000000000000,0.00000000000000,1.83700000000000e-05,346.146703725458,100.857254644010,100.943631784969,0.291620953481708,75.7580722046922,0.00997117997448267,50373.5319150369,2.91569157199645,0.168379046518292,2.39569157199645,0.366041405474547,0.255240055903578,21.1811698954959,0.00983700288213781,0.0559572628691121,0.0391700840083784,5.44084734804880,3.77791269859368,47.1302205878684,0.556411825842039,0.0446014314441257,37.5736235774572,0.443588174157961,0.0198201788475151,28.6218764557443,14.7304314335304,0.337905283258218,0.746388830739139,0.863937978525738,0.0543963645049896,-6.93889390390723e-18,-1.27561721579220e-16,0.00000000000000,0.0543963645049896,0.00000000000000,0.00000000000000,-6.93889390390723e-18,0.00000000000000
apDrone,static_anchored_runtime_half_max,0.406400000000000,14869.7828839947,0.406400000000000,14869.7828839947,EXACT,false,false,0.123789257516028,0.133054594071773,0.378100091962074,13.0470092105957,2.62265625000000,90.4993703450585,0.0581182210237520,198.995705838685,4.60208973443775,46.2875196550604,0.511467864125177,accepted-reference-advance-shape+rotor-spec-static-ct-cp,INTERPOLATED,static-anchored-ct-cp-j-lookup-interpolated,true,13.0470092105957,0.00000000000000,13.0470092105957,0.00000000000000,0.00000000000000,0.00000000000000,0.00000000000000,0.00000000000000,0.00000000000000,0.00000000000000,2.62265625000000,0.00000000000000,0.00000000000000,0.0581182210237520,0.00000000000000,-0.176177311814147,0.00000000000000,0.176177311814147,-0.176177311814147,0.0581182210237520,0.176177311814147,true,ACCEPTED,44.2118506899981,0.488532135874823,25.0000000000000,0.00000000000000,1.83700000000000e-05,346.146703725458,100.857254644010,100.992186461238,0.291761225440813,75.8227566925222,0.00997117997448267,50416.5423298652,2.91818107589374,0.168238774559187,2.39818107589374,0.365736466433016,0.284941885245576,22.2511886794712,0.0104536267234673,0.0576844236562584,0.0403790965593809,5.05125648533189,3.63517346692564,49.9226931219860,0.551635806212125,0.0401679420869488,40.5766772230724,0.448364193787875,0.0211762963476082,34.2178202499764,12.0696994050840,0.378100091962074,0.793175555664421,0.890604039775489,0.0581182210237520,0.00000000000000,0.00000000000000,0.00000000000000,0.0581182210237520,0.00000000000000,0.00000000000000,0.00000000000000,0.00000000000000
apDrone,static_anchored_runtime_half_max,0.487680000000000,14869.7828839947,0.487680000000000,14869.7828839947,EXACT,false,false,0.118147387870525,0.141575331623167,0.406978514237640,15.6564110527148,2.50312500000000,96.2948965247913,0.0618400775425145,189.926196457298,3.95320772826002,49.0853270111277,0.509739651659428,accepted-reference-advance-shape+rotor-spec-static-ct-cp,INTERPOLATED,static-anchored-ct-cp-j-lookup-interpolated,true,15.6564110527148,0.00000000000000,15.6564110527148,0.00000000000000,0.00000000000000,0.00000000000000,0.00000000000000,0.00000000000000,0.00000000000000,0.00000000000000,2.50312500000000,0.00000000000000,0.00000000000000,0.0618400775425145,0.00000000000000,-0.168147782857470,0.00000000000000,0.168147782857470,-0.168147782857470,0.0618400775425145,0.168147782857470,true,ACCEPTED,47.2095695136636,0.490260348340573,25.0000000000000,0.00000000000000,1.83700000000000e-05,346.146703725458,100.857254644010,101.051499382518,0.291932577415689,75.9017406499156,0.00997117997448267,50469.0608375667,2.92122092171073,0.168067422584311,2.40122092171073,0.365363962139807,0.316594165050585,23.5628265092349,0.0109683028165799,0.0590873863119270,0.0413611704183489,4.72252536665504,3.53038045002810,52.6157074611558,0.546401827718978,0.0366621760595506,43.6791890636355,0.453598172281022,0.0225324138477013,39.1899539163268,9.89537309480086,0.406978514237640,0.832226930554760,0.912264726137517,0.0618400775425145,6.93889390390723e-18,1.12207069907647e-16,0.00000000000000,0.0618400775425145,0.00000000000000,0.00000000000000,6.93889390390723e-18,0.00000000000000
apDrone,static_anchored_runtime_half_max,0.650240000000000,14869.7828839947,0.650240000000000,14869.7828839947,EXACT,false,false,0.116819889130407,0.141575331623167,0.536540962590447,20.8752147369531,2.47500000000000,96.2948965247913,0.0618400775425145,187.792194249912,3.18566400012364,59.5506748742650,0.618419843869229,accepted-reference-advance-shape+rotor-spec-static-ct-cp,INTERPOLATED,static-anchored-ct-cp-j-lookup-interpolated,true,20.8752147369531,0.00000000000000,20.8752147369531,0.00000000000000,0.00000000000000,0.00000000000000,0.00000000000000,0.00000000000000,0.00000000000000,0.00000000000000,2.47500000000000,0.00000000000000,0.00000000000000,0.0618400775425145,0.00000000000000,-0.166258481926487,0.00000000000000,0.166258481926487,-0.166258481926487,0.0618400775425145,0.166258481926487,true,ACCEPTED,36.7442216505263,0.381580156130771,25.0000000000000,0.00000000000000,1.83700000000000e-05,346.146703725458,100.857254644010,101.202320866554,0.292368292915542,76.1024208222644,0.00997117997448267,50602.4983548152,2.92894447472833,0.167631707084458,2.40894447472833,0.364416754531430,0.388459046513371,27.2465427372004,0.0116385197484980,0.0608658845043115,0.0426061191530181,3.73639522206277,2.71157024924054,62.2622451235055,0.646578867318021,0.0281590234487914,34.0326514012857,0.353421132681979,0.0225324138477013,51.6661564739590,7.88451840030601,0.536540962590447,0.883080065208634,0.939723398244736,0.0618400775425145,0.00000000000000,0.00000000000000,0.00000000000000,0.0618400775425145,0.00000000000000,0.00000000000000,0.00000000000000,0.00000000000000
apDrone,static_anchored_runtime_half_max,0.731520000000000,14869.7828839947,0.731520000000000,14869.7828839947,EXACT,false,false,0.111509894169934,0.149440627824454,0.545846996032506,23.4846165790723,2.36250000000000,101.644612998391,0.0652756374059875,179.256185420371,2.78516891519585,62.0623682302084,0.610581971827577,accepted-reference-advance-shape+rotor-spec-static-ct-cp,INTERPOLATED,static-anchored-ct-cp-j-lookup-interpolated,true,23.4846165790723,0.00000000000000,23.4846165790723,0.00000000000000,0.00000000000000,0.00000000000000,0.00000000000000,0.00000000000000,0.00000000000000,0.00000000000000,2.36250000000000,0.00000000000000,0.00000000000000,0.0652756374059875,0.00000000000000,-0.158701278202556,0.00000000000000,0.158701278202556,-0.158701278202556,0.0652756374059875,0.158701278202556,true,ACCEPTED,39.5822447681824,0.389418028172423,25.0000000000000,0.00000000000000,1.83700000000000e-05,346.146703725458,100.857254644010,101.293781491587,0.292632517950905,76.2240045858085,0.00997117997448267,50683.3425924654,2.93362385402536,0.167367482049095,2.41362385402536,0.363842352280641,0.424121493513415,29.0549544094640,0.0119160960460883,0.0615874270950288,0.0431111989665202,3.57002073105251,2.70272440060198,64.7650926308104,0.637171914185317,0.0265899423577398,36.8795203675804,0.362828085814683,0.0237842146170181,55.4824066680582,6.57996156215019,0.545846996032506,0.904141342782880,0.950863472209802,0.0652756374059875,0.00000000000000,0.00000000000000,0.00000000000000,0.0652756374059875,0.00000000000000,0.00000000000000,0.00000000000000,0.00000000000000
apDrone,static_anchored_runtime_half_max,0.812800000000000,14869.7828839947,0.812800000000000,14869.7828839947,EXACT,false,false,0.106199899209461,0.157305924025741,0.548735075376593,26.0940184211914,2.25000000000000,106.994329471990,0.0687111972694605,170.720176590829,2.44189501379409,64.2058052287174,0.600086056387929,accepted-reference-advance-shape+rotor-spec-static-ct-cp,INTERPOLATED,static-anchored-ct-cp-j-lookup-interpolated,true,26.0940184211914,0.00000000000000,26.0940184211914,0.00000000000000,0.00000000000000,0.00000000000000,0.00000000000000,0.00000000000000,0.00000000000000,0.00000000000000,2.25000000000000,0.00000000000000,0.00000000000000,0.0687111972694605,0.00000000000000,-0.151144074478625,0.00000000000000,0.151144074478625,-0.151144074478625,0.0687111972694605,0.151144074478625,true,ACCEPTED,42.7885242432729,0.399913943612071,25.0000000000000,0.00000000000000,1.83700000000000e-05,346.146703725458,100.857254644010,101.395904561798,0.292927546241257,76.3596632269765,0.00997117997448267,50773.5455859097,2.93884493139984,0.167072453758743,2.41884493139984,0.363200986432049,0.460707767387606,30.9778084487796,0.0121405610083580,0.0621647857937097,0.0435153500555968,3.42735823442631,2.70591742290819,66.9117226516256,0.625376344539289,0.0252902881513600,40.0826068203647,0.374623655460711,0.0250360153863348,58.7115414476807,5.49426378103670,0.548735075376594,0.921172764114942,0.959777455515049,0.0687111972694605,0.00000000000000,0.00000000000000,0.00000000000000,0.0687111972694605,0.00000000000000,0.00000000000000,0.00000000000000,0.00000000000000
apDrone,static_anchored_runtime_max,0.00000000000000,29739.5657679894,0.00000000000000,29739.5657679894,EXACT,false,false,0.159299848814191,0.104870616017161,0.00000000000000,0.00000000000000,13.5000000000000,570.636423850615,0.183229859385228,1024.32105954498,20.4472547884968,276.037939644707,0.483736978761401,accepted-reference-advance-shape+rotor-spec-static-ct-cp,INTERPOLATED,static-anchored-ct-cp-j-lookup-interpolated,false,0.00000000000000,0.00000000000000,0.00000000000000,0.00000000000000,0.00000000000000,0.00000000000000,0.00000000000000,0.00000000000000,0.00000000000000,0.00000000000000,13.5000000000000,0.00000000000000,0.00000000000000,0.183229859385228,0.00000000000000,-0.906864446871748,0.00000000000000,0.906864446871748,-0.906864446871748,0.183229859385228,0.906864446871748,true,OPERATING_POINT_OUTSIDE_RUNTIME_ENVELOPE,294.598484205908,0.516263021238599,25.0000000000000,0.00000000000000,1.83700000000000e-05,346.146703725458,201.714509288021,201.714509288021,0.582742828740060,151.285881966016,0.00997117997448267,100593.956283877,3.66395064679153,-0.122742828740060,3.14395064679153,-0.266832236391434,0.330117664685111,40.8945095769936,0.00658973076566296,0.0457993062174527,0.0320595143522169,17.3129288769322,49.4743227987698,325.512262443476,0.570437232602403,0.0867002538410018,245.124161407138,0.429562767397597,0.0166906769242232,0.00000000000000,276.037939644707,0.00000000000000,0.500000000000000,0.707106781186548,0.183229859385228,0.00000000000000,0.00000000000000,0.00000000000000,0.183229859385228,0.00000000000000,0.00000000000000,0.00000000000000,0.00000000000000
apDrone,static_anchored_runtime_max,0.325120000000000,29739.5657679894,0.325120000000000,29739.5657679894,EXACT,false,false,0.129431127161530,0.124533856520378,0.337905283258218,20.8752147369531,10.9687500000000,677.630753322605,0.217585458019958,832.260860880293,10.7435625270193,346.818463114198,0.511810394397914,accepted-reference-advance-shape+rotor-spec-static-ct-cp,INTERPOLATED,static-anchored-ct-cp-j-lookup-interpolated,false,20.8752147369531,0.00000000000000,20.8752147369531,0.00000000000000,0.00000000000000,0.00000000000000,0.00000000000000,0.00000000000000,0.00000000000000,0.00000000000000,10.9687500000000,0.00000000000000,0.00000000000000,0.217585458019958,0.00000000000000,-0.736827363083295,0.00000000000000,0.736827363083295,-0.736827363083295,0.217585458019958,0.736827363083295,true,OPERATING_POINT_OUTSIDE_RUNTIME_ENVELOPE,330.812290208407,0.488189605602086,25.0000000000000,0.00000000000000,1.83700000000000e-05,346.146703725458,201.714509288021,201.887263569937,0.583241906963417,151.516144409384,0.00997117997448267,100747.063830074,3.66395064679153,-0.123241906963417,3.14395064679153,-0.267917189050906,0.510480111807157,42.3623397909918,0.00983700288213781,0.0559572628691121,0.0391700840083784,10.8816946960976,30.2233015887494,377.041764702947,0.556411825842039,0.0446014314441257,300.588988619658,0.443588174157961,0.0198201788475151,228.975011645955,117.843451468243,0.337905283258218,0.746388830739139,0.863937978525738,0.217585458019958,-2.77555756156289e-17,-1.27561721579220e-16,0.00000000000000,0.217585458019958,0.00000000000000,0.00000000000000,-2.77555756156289e-17,0.00000000000000
apDrone,static_anchored_runtime_max,0.406400000000000,29739.5657679894,0.406400000000000,29739.5657679894,EXACT,false,false,0.123789257516028,0.133054594071773,0.378100091962074,26.0940184211914,10.4906250000000,723.994962760468,0.232472884095008,795.982823354741,9.20417946887549,370.300157240483,0.511467864125177,accepted-reference-advance-shape+rotor-spec-static-ct-cp,INTERPOLATED,static-anchored-ct-cp-j-lookup-interpolated,false,26.0940184211914,0.00000000000000,26.0940184211914,0.00000000000000,0.00000000000000,0.00000000000000,0.00000000000000,0.00000000000000,0.00000000000000,0.00000000000000,10.4906250000000,0.00000000000000,0.00000000000000,0.232472884095008,0.00000000000000,-0.704709247256587,0.00000000000000,0.704709247256587,-0.704709247256587,0.232472884095008,0.704709247256587,true,OPERATING_POINT_OUTSIDE_RUNTIME_ENVELOPE,353.694805519985,0.488532135874823,25.0000000000000,0.00000000000000,1.83700000000000e-05,346.146703725458,201.714509288021,201.984372922475,0.583522450881625,151.645513385044,0.00997117997448267,100833.084659730,3.66395064679153,-0.123522450881625,3.14395064679153,-0.268527067133968,0.569883770491151,44.5023773589424,0.0104536267234673,0.0576844236562584,0.0403790965593809,10.1025129706638,29.0813877354051,399.381544975888,0.551635806212125,0.0401679420869488,324.613417784579,0.448364193787875,0.0211762963476082,273.742561999811,96.5575952406720,0.378100091962074,0.793175555664421,0.890604039775489,0.232472884095008,0.00000000000000,0.00000000000000,0.00000000000000,0.232472884095008,0.00000000000000,0.00000000000000,0.00000000000000,0.00000000000000
apDrone,static_anchored_runtime_max,0.487680000000000,29739.5657679894,0.487680000000000,29739.5657679894,EXACT,false,false,0.118147387870525,0.141575331623167,0.406978514237640,31.3128221054297,10.0125000000000,770.359172198330,0.247360310170058,759.704785829190,7.90641545652004,392.682616089022,0.509739651659428,accepted-reference-advance-shape+rotor-spec-static-ct-cp,INTERPOLATED,static-anchored-ct-cp-j-lookup-interpolated,false,31.3128221054297,0.00000000000000,31.3128221054297,0.00000000000000,0.00000000000000,0.00000000000000,0.00000000000000,0.00000000000000,0.00000000000000,0.00000000000000,10.0125000000000,0.00000000000000,0.00000000000000,0.247360310170058,0.00000000000000,-0.672591131429879,0.00000000000000,0.672591131429879,-0.672591131429879,0.247360310170058,0.672591131429879,true,OPERATING_POINT_OUTSIDE_RUNTIME_ENVELOPE,377.676556109308,0.490260348340573,25.0000000000000,0.00000000000000,1.83700000000000e-05,346.146703725458,201.714509288021,202.102998765036,0.583865154831378,151.803481299831,0.00997117997448267,100938.121675133,3.66395064679153,-0.123865154831378,3.14395064679153,-0.269272075720387,0.633188330101170,47.1256530184698,0.0109683028165799,0.0590873863119270,0.0413611704183489,9.44505073331008,28.2430436002248,420.925659689246,0.546401827718978,0.0366621760595506,349.433512509084,0.453598172281022,0.0225324138477013,313.519631330615,79.1629847584069,0.406978514237640,0.832226930554760,0.912264726137517,0.247360310170058,2.77555756156289e-17,1.12207069907647e-16,0.00000000000000,0.247360310170058,0.00000000000000,0.00000000000000,2.77555756156289e-17,0.00000000000000
apDrone,static_anchored_runtime_max,0.650240000000000,29739.5657679894,0.650240000000000,29739.5657679894,EXACT,false,false,0.116819889130407,0.141575331623167,0.536540962590447,41.7504294739062,9.90000000000000,770.359172198330,0.247360310170058,751.168776999649,6.37132800024728,476.405398994120,0.618419843869229,accepted-reference-advance-shape+rotor-spec-static-ct-cp,INTERPOLATED,static-anchored-ct-cp-j-lookup-interpolated,false,41.7504294739062,0.00000000000000,41.7504294739062,0.00000000000000,0.00000000000000,0.00000000000000,0.00000000000000,0.00000000000000,0.00000000000000,0.00000000000000,9.90000000000000,0.00000000000000,0.00000000000000,0.247360310170058,0.00000000000000,-0.665033927705948,0.00000000000000,0.665033927705948,-0.665033927705948,0.247360310170058,0.665033927705948,true,OPERATING_POINT_OUTSIDE_RUNTIME_ENVELOPE,293.953773204210,0.381580156130771,25.0000000000000,0.00000000000000,1.83700000000000e-05,346.146703725458,201.714509288021,202.404641733108,0.584736585831085,152.204841644529,0.00997117997448267,101204.996709630,3.66395064679153,-0.124736585831084,3.14395064679153,-0.271166490937140,0.776918093026742,54.4930854744008,0.0116385197484980,0.0608658845043115,0.0426061191530181,7.47279044412554,21.6925619939243,498.097960988044,0.646578867318021,0.0281590234487914,272.261211210286,0.353421132681979,0.0225324138477013,413.329251791672,63.0761472024481,0.536540962590447,0.883080065208634,0.939723398244736,0.247360310170058,0.00000000000000,0.00000000000000,0.00000000000000,0.247360310170058,0.00000000000000,0.00000000000000,0.00000000000000,0.00000000000000
apDrone,static_anchored_runtime_max,0.731520000000000,29739.5657679894,0.731520000000000,29739.5657679894,EXACT,false,false,0.111509894169934,0.149440627824454,0.545846996032506,46.9692331581445,9.45000000000001,813.156903987126,0.261102549623950,717.024741681483,5.57033783039169,496.498945841667,0.610581971827577,accepted-reference-advance-shape+rotor-spec-static-ct-cp,INTERPOLATED,static-anchored-ct-cp-j-lookup-interpolated,false,46.9692331581445,0.00000000000000,46.9692331581445,0.00000000000000,0.00000000000000,0.00000000000000,0.00000000000000,0.00000000000000,0.00000000000000,0.00000000000000,9.45000000000001,0.00000000000000,0.00000000000000,0.261102549623950,0.00000000000000,-0.634805112810223,0.00000000000000,0.634805112810223,-0.634805112810223,0.261102549623950,0.634805112810223,true,OPERATING_POINT_OUTSIDE_RUNTIME_ENVELOPE,316.657958145459,0.389418028172423,25.0000000000000,0.00000000000000,1.83700000000000e-05,346.146703725458,201.714509288021,202.587562983173,0.585265035901810,152.448009171617,0.00997117997448267,101366.685184931,3.66395064679153,-0.125265035901810,3.14395064679153,-0.272315295438718,0.848242987026830,58.1099088189279,0.0119160960460883,0.0615874270950288,0.0431111989665202,7.14004146210502,21.6217952048158,518.120741046483,0.637171914185317,0.0265899423577398,295.036162940643,0.362828085814683,0.0237842146170181,443.859253344466,52.6396924972015,0.545846996032506,0.904141342782880,0.950863472209802,0.261102549623950,0.00000000000000,0.00000000000000,0.00000000000000,0.261102549623950,0.00000000000000,0.00000000000000,0.00000000000000,0.00000000000000
apDrone,static_anchored_runtime_max,0.812800000000000,29739.5657679894,0.812800000000000,29739.5657679894,EXACT,false,false,0.106199899209461,0.157305924025741,0.548735075376593,52.1880368423828,9.00000000000001,855.954635775922,0.274844789077842,682.880706363317,4.88379002758817,513.646441829739,0.600086056387929,accepted-reference-advance-shape+rotor-spec-static-ct-cp,INTERPOLATED,static-anchored-ct-cp-j-lookup-interpolated,false,52.1880368423828,0.00000000000000,52.1880368423828,0.00000000000000,0.00000000000000,0.00000000000000,0.00000000000000,0.00000000000000,0.00000000000000,0.00000000000000,9.00000000000001,0.00000000000000,0.00000000000000,0.274844789077842,0.00000000000000,-0.604576297914499,0.00000000000000,0.604576297914499,-0.604576297914499,0.274844789077842,0.604576297914499,true,OPERATING_POINT_OUTSIDE_RUNTIME_ENVELOPE,342.308193946183,0.399913943612071,25.0000000000000,0.00000000000000,1.83700000000000e-05,346.146703725458,201.714509288021,202.791809123596,0.585855092482515,152.719326453953,0.00997117997448267,101547.091171819,3.66395064679153,-0.125855092482515,3.14395064679153,-0.273598027135901,0.921415534775212,61.9556168975591,0.0121405610083580,0.0621647857937097,0.0435153500555968,6.85471646885263,21.6473393832655,535.293781213005,0.625376344539289,0.0252902881513600,320.660854562918,0.374623655460711,0.0250360153863348,469.692331581445,43.9541102482936,0.548735075376594,0.921172764114942,0.959777455515049,0.274844789077842,0.00000000000000,0.00000000000000,0.00000000000000,0.274844789077842,0.00000000000000,0.00000000000000,0.00000000000000,0.00000000000000
apDrone,static_anchored_runtime_reverse_axial_clamp,0.00000000000000,10046.5319353468,0.00000000000000,10046.5319353468,CLAMPED_EXACT,true,false,0.159299848814191,0.104870616017161,0.00000000000000,0.00000000000000,1.54062471500000,21.9990601669645,0.0209102555477672,116.895877068887,6.90743099026404,10.6417589007577,0.483736978761401,accepted-reference-advance-shape+rotor-spec-static-ct-cp,CLAMPED,reverse-axial-flow-clamped-to-static-anchor,false,-4.50000000000000,-0.00000000000000,-4.50000000000000,-0.00000000000000,0.00000000000000,0.00000000000000,0.00000000000000,0.00000000000000,180.000000000000,0.00000000000000,1.54062471500000,0.00000000000000,0.00000000000000,0.0209102555477672,0.00000000000000,-0.103491687407809,0.00000000000000,0.103491687407809,-0.103491687407809,0.0209102555477672,0.103491687407809,true,CLAMPED,11.3573012662068,0.516263021238599,25.0000000000000,0.00000000000000,1.83700000000000e-05,346.146703725458,68.1425974809018,68.1663670107495,0.196929123626192,51.1386365206129,0.00997117997448267,34003.4225250919,1.96816639029135,0.263070876373808,1.44816639029135,0.571893209508279,0.111519370745180,13.8148619805281,0.00658973076566296,0.0457993062174527,0.0320595143522169,5.84860230352470,1.90732410073930,12.5490830014970,0.570437232602403,0.0867002538410018,9.44997716546754,0.429562767397597,0.0166906769242232,0.00000000000000,10.6417589007577,0.00000000000000,0.500000000000000,0.707106781186548,0.0209102555477672,0.00000000000000,0.00000000000000,0.00000000000000,0.0209102555477672,0.00000000000000,0.00000000000000,0.00000000000000,0.00000000000000
apDrone,static_anchored_runtime_high_j_block,1.20000000000000,10046.5319353468,1.20000000000000,10046.5319353468,BLOCKED,false,true,0.00000000000000,0.00000000000000,0.00000000000000,0.00000000000000,0.00000000000000,0.00000000000000,0.00000000000000,0.00000000000000,0.00000000000000,0.00000000000000,0.00000000000000,accepted-reference-advance-shape+rotor-spec-static-ct-cp,OUT_OF_ENVELOPE_BLOCKED,query-outside-accepted-advance-shape-window,false,26.0285549380965,0.00000000000000,26.0285549380965,0.00000000000000,0.00000000000000,0.00000000000000,0.00000000000000,0.00000000000000,0.00000000000000,0.00000000000000,0.00000000000000,0.00000000000000,0.00000000000000,0.00000000000000,0.00000000000000,0.00000000000000,0.00000000000000,0.00000000000000,0.00000000000000,0.00000000000000,0.00000000000000,false,OUT_OF_ENVELOPE_BLOCKED,0.00000000000000,0.00000000000000,25.0000000000000,0.00000000000000,1.83700000000000e-05,346.146703725458,68.1425974809018,68.9333830519777,0.199144993466849,52.1566664265830,0.00997117997448267,34680.3373470568,2.00734718159841,0.260855006533151,1.48734718159841,0.567076101159024,0.00000000000000,0.00000000000000,0.00000000000000,0.00000000000000,0.00000000000000,0.00000000000000,0.00000000000000,0.00000000000000,0.00000000000000,0.00000000000000,0.00000000000000,0.00000000000000,0.00000000000000,0.00000000000000,0.00000000000000,0.00000000000000,0.00000000000000,0.00000000000000,0.00000000000000,0.00000000000000,0.00000000000000,0.00000000000000,0.00000000000000,0.00000000000000,0.00000000000000,0.00000000000000,0.00000000000000
apDrone,static_anchored_runtime_transverse_inflow_diagnostic,0.406400000000000,10046.5319353468,0.406400000000000,10046.5319353468,EXACT,false,false,0.123789257516028,0.133054594071773,0.378100091962074,8.81500393903534,1.19719378894792,27.9113075868363,0.0265298867262296,90.8378378056143,3.10932861945995,14.2757368763800,0.511467864125177,accepted-reference-advance-shape+rotor-spec-static-ct-cp,INTERPOLATED,static-anchored-ct-cp-j-lookup-interpolated,false,8.81500393903533,2.50000000000000,8.81500393903533,0.00000000000000,2.50000000000000,0.00000000000000,0.00000000000000,2.50000000000000,15.8337267575892,0.00000000000000,1.19719378894792,0.00000000000000,0.00000000000000,0.0265298867262296,0.00000000000000,-0.0804216654231514,0.00000000000000,0.0804216654231514,-0.0804216654231514,0.0265298867262296,0.0804216654231514,true,OBLIQUE_INFLOW_OUTSIDE_RUNTIME_ENVELOPE,13.6355707104563,0.488532135874823,25.0000000000000,0.00000000000000,1.83700000000000e-05,346.146703725458,68.1425974809018,68.2452106638659,0.197156898879481,51.2436857797973,0.00997117997448267,34073.2725365319,1.97220940816040,0.262843101120519,1.45220940816040,0.571398045914171,0.192516445745747,15.0336611779552,0.0104536267234673,0.0576844236562585,0.0403790965593809,3.41280097963887,1.12113978671905,15.3968766630990,0.551635806212125,0.0401679420869488,12.5144309237372,0.448364193787875,0.0211762963476082,10.5532679653645,3.72246891101545,0.378100091962074,0.793175555664422,0.890604039775490,0.0265298867262296,0.00000000000000,0.00000000000000,0.00000000000000,0.0265298867262296,0.00000000000000,0.00000000000000,0.00000000000000,0.00000000000000
