preset,case,query_j,query_rpm,target_thrust_n,target_thrust_residual_n,target_thrust_solve_status,target_thrust_solve_iterations,trim_solve_status,trim_target_body_torque_x_nm,trim_target_body_torque_y_nm,trim_target_body_torque_z_nm,trim_body_torque_residual_x_nm,trim_body_torque_residual_y_nm,trim_body_torque_residual_z_nm,trim_min_allocated_rotor_thrust_n,trim_max_allocated_rotor_thrust_n,effective_j_min,effective_j_max,effective_rpm_min,effective_rpm_max,rotor_count,accepted_rotor_count,runtime_force_replacement_accepted_rotor_count,blocked_rotor_count,clamped_rotor_count,query_signed_axial_speed_mps,relative_air_body_x_mps,relative_air_body_y_mps,relative_air_body_z_mps,body_angular_rate_x_rad_s,body_angular_rate_y_rad_s,body_angular_rate_z_rad_s,transverse_air_speed_mps,inflow_angle_deg,total_thrust_force_body_x_n,total_thrust_force_body_y_n,total_thrust_force_body_z_n,total_reaction_torque_body_x_nm,total_reaction_torque_body_y_nm,total_reaction_torque_body_z_nm,total_thrust_moment_body_x_nm,total_thrust_moment_body_y_nm,total_thrust_moment_body_z_nm,total_body_torque_x_nm,total_body_torque_y_nm,total_body_torque_z_nm,body_to_world_qw,body_to_world_qx,body_to_world_qy,body_to_world_qz,total_thrust_force_world_x_n,total_thrust_force_world_y_n,total_thrust_force_world_z_n,total_reaction_torque_world_x_nm,total_reaction_torque_world_y_nm,total_reaction_torque_world_z_nm,total_thrust_moment_world_x_nm,total_thrust_moment_world_y_nm,total_thrust_moment_world_z_nm,total_body_torque_world_x_nm,total_body_torque_world_y_nm,total_body_torque_world_z_nm,rotor_only_linear_accel_world_x_mps2,rotor_only_linear_accel_world_y_mps2,rotor_only_linear_accel_world_z_mps2,rotor_only_angular_accel_body_x_rad_s2,rotor_only_angular_accel_body_y_rad_s2,rotor_only_angular_accel_body_z_rad_s2,rotor_only_preview_dt_s,rotor_only_preview_delta_velocity_world_x_mps,rotor_only_preview_delta_velocity_world_y_mps,rotor_only_preview_delta_velocity_world_z_mps,rotor_only_preview_delta_angular_velocity_body_x_rad_s,rotor_only_preview_delta_angular_velocity_body_y_rad_s,rotor_only_preview_delta_angular_velocity_body_z_rad_s,total_thrust_n,total_shaft_power_w,total_shaft_torque_nm,total_wake_angular_momentum_torque_nm,total_wake_angular_momentum_torque_residual_nm,total_wake_angular_momentum_torque_residual_fraction,total_disk_mass_flow_kg_s,total_useful_axial_thrust_power_w,total_ideal_induced_power_w,total_ideal_momentum_power_w,total_ideal_momentum_power_over_shaft_power,total_wake_swirl_kinetic_power_w,total_wake_kinetic_power_w,total_wake_kinetic_power_residual_w,total_wake_kinetic_power_over_shaft_power,runtime_replacement_total_thrust_force_body_x_n,runtime_replacement_total_thrust_force_body_y_n,runtime_replacement_total_thrust_force_body_z_n,runtime_replacement_total_reaction_torque_body_x_nm,runtime_replacement_total_reaction_torque_body_y_nm,runtime_replacement_total_reaction_torque_body_z_nm,runtime_replacement_total_thrust_moment_body_x_nm,runtime_replacement_total_thrust_moment_body_y_nm,runtime_replacement_total_thrust_moment_body_z_nm,runtime_replacement_total_body_torque_x_nm,runtime_replacement_total_body_torque_y_nm,runtime_replacement_total_body_torque_z_nm,runtime_replacement_total_thrust_force_world_x_n,runtime_replacement_total_thrust_force_world_y_n,runtime_replacement_total_thrust_force_world_z_n,runtime_replacement_total_body_torque_world_x_nm,runtime_replacement_total_body_torque_world_y_nm,runtime_replacement_total_body_torque_world_z_nm,runtime_replacement_rotor_only_linear_accel_world_x_mps2,runtime_replacement_rotor_only_linear_accel_world_y_mps2,runtime_replacement_rotor_only_linear_accel_world_z_mps2,runtime_replacement_rotor_only_angular_accel_body_x_rad_s2,runtime_replacement_rotor_only_angular_accel_body_y_rad_s2,runtime_replacement_rotor_only_angular_accel_body_z_rad_s2,runtime_replacement_preview_delta_velocity_world_x_mps,runtime_replacement_preview_delta_velocity_world_y_mps,runtime_replacement_preview_delta_velocity_world_z_mps,runtime_replacement_preview_delta_angular_velocity_body_x_rad_s,runtime_replacement_preview_delta_angular_velocity_body_y_rad_s,runtime_replacement_preview_delta_angular_velocity_body_z_rad_s,runtime_replacement_total_thrust_n,runtime_replacement_total_shaft_power_w,runtime_replacement_total_shaft_torque_nm,runtime_replacement_wake_angular_momentum_torque_nm,runtime_replacement_wake_angular_momentum_torque_residual_nm,runtime_replacement_wake_angular_momentum_torque_residual_fraction,runtime_replacement_disk_mass_flow_kg_s,runtime_replacement_useful_axial_thrust_power_w,runtime_replacement_ideal_induced_power_w,runtime_replacement_total_ideal_momentum_power_w,runtime_replacement_ideal_momentum_power_over_shaft_power,runtime_replacement_wake_swirl_kinetic_power_w,runtime_replacement_wake_kinetic_power_w,runtime_replacement_wake_kinetic_power_residual_w,runtime_replacement_wake_kinetic_power_over_shaft_power,runtime_eligibility_status,lookup_status_summary,source_id_summary
apDrone,static_anchored_configuration_hover,0.00000000000000,10046.5319353468,6.16249886000000,0.00000000000000,DIRECT_SAMPLE,0,DIRECT_SAMPLE,0.00000000000000,0.00000000000000,0.00000000000000,0.00000000000000,0.00000000000000,0.00000000000000,0.00000000000000,0.00000000000000,0.00000000000000,0.00000000000000,10046.5319353468,10046.5319353468,4,4,4,0,0,0.00000000000000,0.00000000000000,0.00000000000000,0.00000000000000,0.00000000000000,0.00000000000000,0.00000000000000,0.00000000000000,0.00000000000000,0.00000000000000,6.16249886000000,0.00000000000000,0.00000000000000,0.00000000000000,0.00000000000000,0.00000000000000,0.00000000000000,0.00000000000000,0.00000000000000,0.00000000000000,0.00000000000000,1.00000000000000,0.00000000000000,0.00000000000000,0.00000000000000,0.00000000000000,6.16249886000000,0.00000000000000,0.00000000000000,0.00000000000000,0.00000000000000,0.00000000000000,0.00000000000000,0.00000000000000,0.00000000000000,0.00000000000000,0.00000000000000,0.00000000000000,9.80665000000000,0.00000000000000,0.00000000000000,0.00000000000000,0.00000000000000,0.0100000000000000,0.00000000000000,0.0980665000000000,0.00000000000000,0.00000000000000,0.00000000000000,0.00000000000000,6.16249886000000,87.9962406678582,0.0836410221910687,0.0836410221910687,0.00000000000000,0.00000000000000,0.446077482980719,0.00000000000000,42.5670356030308,42.5670356030308,0.483736978761401,7.62929640295719,50.1963320059880,37.7999086618702,0.570437232602403,0.00000000000000,6.16249886000000,0.00000000000000,0.00000000000000,0.00000000000000,0.00000000000000,0.00000000000000,0.00000000000000,0.00000000000000,0.00000000000000,0.00000000000000,0.00000000000000,0.00000000000000,6.16249886000000,0.00000000000000,0.00000000000000,0.00000000000000,0.00000000000000,0.00000000000000,9.80665000000000,0.00000000000000,0.00000000000000,0.00000000000000,0.00000000000000,0.00000000000000,0.0980665000000000,0.00000000000000,0.00000000000000,0.00000000000000,0.00000000000000,6.16249886000000,87.9962406678582,0.0836410221910687,0.0836410221910687,0.00000000000000,0.00000000000000,0.446077482980719,0.00000000000000,42.5670356030308,42.5670356030308,0.483736978761401,7.62929640295719,50.1963320059880,37.7999086618702,0.570437232602403,ACCEPTED,INTERPOLATED,accepted-reference-advance-shape+rotor-spec-static-ct-cp
apDrone,static_anchored_configuration_hover,0.325120000000000,10046.5319353468,5.00703032375000,0.00000000000000,DIRECT_SAMPLE,0,DIRECT_SAMPLE,0.00000000000000,0.00000000000000,0.00000000000000,0.00000000000000,0.00000000000000,0.00000000000000,0.00000000000000,0.00000000000000,0.325120000000000,0.325120000000000,10046.5319353468,10046.5319353468,4,4,4,0,0,7.05200315122827,0.00000000000000,7.05200315122827,0.00000000000000,0.00000000000000,0.00000000000000,0.00000000000000,0.00000000000000,0.00000000000000,0.00000000000000,5.00703032375000,0.00000000000000,0.00000000000000,0.00000000000000,0.00000000000000,0.00000000000000,0.00000000000000,0.00000000000000,0.00000000000000,0.00000000000000,0.00000000000000,1.00000000000000,0.00000000000000,0.00000000000000,0.00000000000000,0.00000000000000,5.00703032375000,0.00000000000000,0.00000000000000,0.00000000000000,0.00000000000000,0.00000000000000,0.00000000000000,0.00000000000000,0.00000000000000,0.00000000000000,0.00000000000000,0.00000000000000,7.96790312500000,0.00000000000000,0.00000000000000,0.00000000000000,0.00000000000000,0.0100000000000000,0.00000000000000,0.0796790312500000,0.00000000000000,0.00000000000000,0.00000000000000,0.00000000000000,5.00703032375000,104.495535793082,0.0993237138518941,0.0993237138518941,0.00000000000000,0.00000000000000,0.689795511560589,35.3095936213805,18.1723077656979,53.4819013870784,0.511810394397914,4.66065047589231,58.1425518629707,46.3529839301109,0.556411825842039,0.00000000000000,5.00703032375000,0.00000000000000,0.00000000000000,0.00000000000000,0.00000000000000,0.00000000000000,0.00000000000000,0.00000000000000,0.00000000000000,0.00000000000000,0.00000000000000,0.00000000000000,5.00703032375000,0.00000000000000,0.00000000000000,0.00000000000000,0.00000000000000,0.00000000000000,7.96790312500000,0.00000000000000,0.00000000000000,0.00000000000000,0.00000000000000,0.00000000000000,0.0796790312500000,0.00000000000000,0.00000000000000,0.00000000000000,0.00000000000000,5.00703032375000,104.495535793082,0.0993237138518941,0.0993237138518941,0.00000000000000,0.00000000000000,0.689795511560589,35.3095936213805,18.1723077656979,53.4819013870784,0.511810394397914,4.66065047589231,58.1425518629707,46.3529839301109,0.556411825842039,ACCEPTED,INTERPOLATED,accepted-reference-advance-shape+rotor-spec-static-ct-cp
apDrone,static_anchored_configuration_hover,0.406400000000000,10046.5319353468,4.78877515579167,0.00000000000000,DIRECT_SAMPLE,0,DIRECT_SAMPLE,0.00000000000000,0.00000000000000,0.00000000000000,0.00000000000000,0.00000000000000,0.00000000000000,0.00000000000000,0.00000000000000,0.406400000000000,0.406400000000000,10046.5319353468,10046.5319353468,4,4,4,0,0,8.81500393903533,0.00000000000000,8.81500393903533,0.00000000000000,0.00000000000000,0.00000000000000,0.00000000000000,0.00000000000000,0.00000000000000,0.00000000000000,4.78877515579167,0.00000000000000,0.00000000000000,0.00000000000000,0.00000000000000,0.00000000000000,0.00000000000000,0.00000000000000,0.00000000000000,0.00000000000000,0.00000000000000,1.00000000000000,0.00000000000000,0.00000000000000,0.00000000000000,0.00000000000000,4.78877515579167,0.00000000000000,0.00000000000000,0.00000000000000,0.00000000000000,0.00000000000000,0.00000000000000,0.00000000000000,0.00000000000000,0.00000000000000,0.00000000000000,0.00000000000000,7.62058427083333,0.00000000000000,0.00000000000000,0.00000000000000,0.00000000000000,0.0100000000000000,0.00000000000000,0.0762058427083334,0.00000000000000,0.00000000000000,0.00000000000000,0.00000000000000,4.78877515579167,111.645230347345,0.106119546904918,0.106119546904918,0.00000000000000,0.00000000000000,0.770065782982986,42.2130718614581,14.8898756440618,57.1029475055199,0.511467864125177,4.48455914687621,61.5875066523961,50.0577236949489,0.551635806212125,0.00000000000000,4.78877515579167,0.00000000000000,0.00000000000000,0.00000000000000,0.00000000000000,0.00000000000000,0.00000000000000,0.00000000000000,0.00000000000000,0.00000000000000,0.00000000000000,0.00000000000000,4.78877515579167,0.00000000000000,0.00000000000000,0.00000000000000,0.00000000000000,0.00000000000000,7.62058427083333,0.00000000000000,0.00000000000000,0.00000000000000,0.00000000000000,0.00000000000000,0.0762058427083334,0.00000000000000,0.00000000000000,0.00000000000000,0.00000000000000,4.78877515579167,111.645230347345,0.106119546904918,0.106119546904918,0.00000000000000,0.00000000000000,0.770065782982986,42.2130718614581,14.8898756440618,57.1029475055199,0.511467864125177,4.48455914687621,61.5875066523961,50.0577236949489,0.551635806212125,ACCEPTED,INTERPOLATED,accepted-reference-advance-shape+rotor-spec-static-ct-cp
apDrone,static_anchored_configuration_hover,0.487680000000000,10046.5319353468,4.57051998783333,0.00000000000000,DIRECT_SAMPLE,0,DIRECT_SAMPLE,0.00000000000000,0.00000000000000,0.00000000000000,0.00000000000000,0.00000000000000,0.00000000000000,0.00000000000000,0.00000000000000,0.487680000000000,0.487680000000000,10046.5319353468,10046.5319353468,4,4,4,0,0,10.5780047268424,0.00000000000000,10.5780047268424,0.00000000000000,0.00000000000000,0.00000000000000,0.00000000000000,0.00000000000000,0.00000000000000,0.00000000000000,4.57051998783333,0.00000000000000,0.00000000000000,0.00000000000000,0.00000000000000,0.00000000000000,0.00000000000000,0.00000000000000,0.00000000000000,0.00000000000000,0.00000000000000,1.00000000000000,0.00000000000000,0.00000000000000,0.00000000000000,0.00000000000000,4.57051998783333,0.00000000000000,0.00000000000000,0.00000000000000,0.00000000000000,0.00000000000000,0.00000000000000,0.00000000000000,0.00000000000000,0.00000000000000,0.00000000000000,0.00000000000000,7.27326541666667,0.00000000000000,0.00000000000000,0.00000000000000,0.00000000000000,0.0100000000000000,0.00000000000000,0.0727326541666667,0.00000000000000,0.00000000000000,0.00000000000000,0.00000000000000,4.57051998783333,118.794924901609,0.112915379957943,0.112915379957943,0.00000000000000,0.00000000000000,0.855607217546859,48.3469820354287,12.2075016028251,60.5544836382538,0.509739651659428,4.35528045172386,64.9097640899776,53.8851608116309,0.546401827718978,0.00000000000000,4.57051998783333,0.00000000000000,0.00000000000000,0.00000000000000,0.00000000000000,0.00000000000000,0.00000000000000,0.00000000000000,0.00000000000000,0.00000000000000,0.00000000000000,0.00000000000000,4.57051998783333,0.00000000000000,0.00000000000000,0.00000000000000,0.00000000000000,0.00000000000000,7.27326541666667,0.00000000000000,0.00000000000000,0.00000000000000,0.00000000000000,0.00000000000000,0.0727326541666667,0.00000000000000,0.00000000000000,0.00000000000000,0.00000000000000,4.57051998783333,118.794924901609,0.112915379957943,0.112915379957943,0.00000000000000,0.00000000000000,0.855607217546859,48.3469820354287,12.2075016028251,60.5544836382538,0.509739651659428,4.35528045172386,64.9097640899776,53.8851608116309,0.546401827718978,ACCEPTED,INTERPOLATED,accepted-reference-advance-shape+rotor-spec-static-ct-cp
apDrone,static_anchored_configuration_hover,0.650240000000000,10046.5319353468,4.51916583066667,0.00000000000000,DIRECT_SAMPLE,0,DIRECT_SAMPLE,0.00000000000000,0.00000000000000,0.00000000000000,0.00000000000000,0.00000000000000,0.00000000000000,0.00000000000000,0.00000000000000,0.650240000000000,0.650240000000000,10046.5319353468,10046.5319353468,4,4,4,0,0,14.1040063024565,0.00000000000000,14.1040063024565,0.00000000000000,0.00000000000000,0.00000000000000,0.00000000000000,0.00000000000000,0.00000000000000,0.00000000000000,4.51916583066667,0.00000000000000,0.00000000000000,0.00000000000000,0.00000000000000,0.00000000000000,0.00000000000000,0.00000000000000,0.00000000000000,0.00000000000000,0.00000000000000,1.00000000000000,0.00000000000000,0.00000000000000,0.00000000000000,0.00000000000000,4.51916583066667,0.00000000000000,0.00000000000000,0.00000000000000,0.00000000000000,0.00000000000000,0.00000000000000,0.00000000000000,0.00000000000000,0.00000000000000,0.00000000000000,0.00000000000000,7.19154333333333,0.00000000000000,0.00000000000000,0.00000000000000,0.00000000000000,0.0100000000000000,0.00000000000000,0.0719154333333333,0.00000000000000,0.00000000000000,0.00000000000000,0.00000000000000,4.51916583066667,118.794924901609,0.112915379957943,0.112915379957943,1.38777878078145e-17,1.22904318375260e-16,1.04982466706266,63.7383433575689,9.72679555254066,73.4651389101095,0.618419843869229,3.34514907590180,76.8102879860114,41.9846369155972,0.646578867318021,0.00000000000000,4.51916583066667,0.00000000000000,0.00000000000000,0.00000000000000,0.00000000000000,0.00000000000000,0.00000000000000,0.00000000000000,0.00000000000000,0.00000000000000,0.00000000000000,0.00000000000000,4.51916583066667,0.00000000000000,0.00000000000000,0.00000000000000,0.00000000000000,0.00000000000000,7.19154333333333,0.00000000000000,0.00000000000000,0.00000000000000,0.00000000000000,0.00000000000000,0.0719154333333333,0.00000000000000,0.00000000000000,0.00000000000000,0.00000000000000,4.51916583066667,118.794924901609,0.112915379957943,0.112915379957943,1.38777878078145e-17,1.22904318375260e-16,1.04982466706266,63.7383433575689,9.72679555254066,73.4651389101095,0.618419843869229,3.34514907590180,76.8102879860114,41.9846369155972,0.646578867318021,ACCEPTED,INTERPOLATED,accepted-reference-advance-shape+rotor-spec-static-ct-cp
apDrone,static_anchored_configuration_hover,0.731520000000000,10046.5319353468,4.31374920200000,0.00000000000000,DIRECT_SAMPLE,0,DIRECT_SAMPLE,0.00000000000000,0.00000000000000,0.00000000000000,0.00000000000000,0.00000000000000,0.00000000000000,0.00000000000000,0.00000000000000,0.731520000000000,0.731520000000000,10046.5319353468,10046.5319353468,4,4,4,0,0,15.8670070902636,0.00000000000000,15.8670070902636,0.00000000000000,0.00000000000000,0.00000000000000,0.00000000000000,0.00000000000000,0.00000000000000,0.00000000000000,4.31374920200000,0.00000000000000,0.00000000000000,0.00000000000000,0.00000000000000,0.00000000000000,0.00000000000000,0.00000000000000,0.00000000000000,0.00000000000000,0.00000000000000,1.00000000000000,0.00000000000000,0.00000000000000,0.00000000000000,0.00000000000000,4.31374920200000,0.00000000000000,0.00000000000000,0.00000000000000,0.00000000000000,0.00000000000000,0.00000000000000,0.00000000000000,0.00000000000000,0.00000000000000,0.00000000000000,0.00000000000000,6.86465500000000,0.00000000000000,0.00000000000000,0.00000000000000,0.00000000000000,0.0100000000000000,0.00000000000000,0.0686465500000000,0.00000000000000,0.00000000000000,0.00000000000000,0.00000000000000,4.31374920200000,125.394642951698,0.119188456622273,0.119188456622273,1.38777878078145e-17,1.16435670039720e-16,1.14620372396583,68.4462891737530,8.11741917630973,76.5637083500627,0.610581971827577,3.33423632805501,79.8979446781177,45.4966982735802,0.637171914185317,0.00000000000000,4.31374920200000,0.00000000000000,0.00000000000000,0.00000000000000,0.00000000000000,0.00000000000000,0.00000000000000,0.00000000000000,0.00000000000000,0.00000000000000,0.00000000000000,0.00000000000000,4.31374920200000,0.00000000000000,0.00000000000000,0.00000000000000,0.00000000000000,0.00000000000000,6.86465500000000,0.00000000000000,0.00000000000000,0.00000000000000,0.00000000000000,0.00000000000000,0.0686465500000000,0.00000000000000,0.00000000000000,0.00000000000000,0.00000000000000,4.31374920200000,125.394642951698,0.119188456622273,0.119188456622273,1.38777878078145e-17,1.16435670039720e-16,1.14620372396583,68.4462891737530,8.11741917630973,76.5637083500627,0.610581971827577,3.33423632805501,79.8979446781177,45.4966982735802,0.637171914185317,ACCEPTED,INTERPOLATED,accepted-reference-advance-shape+rotor-spec-static-ct-cp
apDrone,static_anchored_configuration_hover,0.812800000000000,10046.5319353468,4.10833257333333,0.00000000000000,DIRECT_SAMPLE,0,DIRECT_SAMPLE,0.00000000000000,0.00000000000000,0.00000000000000,0.00000000000000,0.00000000000000,0.00000000000000,0.00000000000000,0.00000000000000,0.812800000000000,0.812800000000000,10046.5319353468,10046.5319353468,4,4,4,0,0,17.6300078780707,0.00000000000000,17.6300078780707,0.00000000000000,0.00000000000000,0.00000000000000,0.00000000000000,0.00000000000000,0.00000000000000,0.00000000000000,4.10833257333333,0.00000000000000,0.00000000000000,0.00000000000000,0.00000000000000,0.00000000000000,0.00000000000000,0.00000000000000,0.00000000000000,0.00000000000000,0.00000000000000,1.00000000000000,0.00000000000000,0.00000000000000,0.00000000000000,0.00000000000000,4.10833257333333,0.00000000000000,0.00000000000000,0.00000000000000,0.00000000000000,0.00000000000000,0.00000000000000,0.00000000000000,0.00000000000000,0.00000000000000,0.00000000000000,0.00000000000000,6.53776666666667,0.00000000000000,0.00000000000000,0.00000000000000,0.00000000000000,0.0100000000000000,0.00000000000000,0.0653776666666667,0.00000000000000,0.00000000000000,0.00000000000000,0.00000000000000,4.10833257333333,131.994361001787,0.125461533286603,0.125461533286603,0.00000000000000,0.00000000000000,1.24507945651416,72.4299356336010,6.77803992540608,79.2079755590071,0.600086056387929,3.33817542408984,82.5461509830970,49.4482100186903,0.625376344539289,0.00000000000000,4.10833257333333,0.00000000000000,0.00000000000000,0.00000000000000,0.00000000000000,0.00000000000000,0.00000000000000,0.00000000000000,0.00000000000000,0.00000000000000,0.00000000000000,0.00000000000000,4.10833257333333,0.00000000000000,0.00000000000000,0.00000000000000,0.00000000000000,0.00000000000000,6.53776666666667,0.00000000000000,0.00000000000000,0.00000000000000,0.00000000000000,0.00000000000000,0.0653776666666667,0.00000000000000,0.00000000000000,0.00000000000000,0.00000000000000,4.10833257333333,131.994361001787,0.125461533286603,0.125461533286603,0.00000000000000,0.00000000000000,1.24507945651416,72.4299356336010,6.77803992540608,79.2079755590071,0.600086056387929,3.33817542408984,82.5461509830970,49.4482100186903,0.625376344539289,ACCEPTED,INTERPOLATED,accepted-reference-advance-shape+rotor-spec-static-ct-cp
apDrone,static_anchored_configuration_half_max,0.00000000000000,14869.7828839947,13.5000000000000,0.00000000000000,DIRECT_SAMPLE,0,DIRECT_SAMPLE,0.00000000000000,0.00000000000000,0.00000000000000,0.00000000000000,0.00000000000000,0.00000000000000,0.00000000000000,0.00000000000000,0.00000000000000,0.00000000000000,14869.7828839947,14869.7828839947,4,4,4,0,0,0.00000000000000,0.00000000000000,0.00000000000000,0.00000000000000,0.00000000000000,0.00000000000000,0.00000000000000,0.00000000000000,0.00000000000000,0.00000000000000,13.5000000000000,0.00000000000000,0.00000000000000,0.00000000000000,0.00000000000000,0.00000000000000,0.00000000000000,0.00000000000000,0.00000000000000,0.00000000000000,0.00000000000000,1.00000000000000,0.00000000000000,0.00000000000000,0.00000000000000,0.00000000000000,13.5000000000000,0.00000000000000,0.00000000000000,0.00000000000000,0.00000000000000,0.00000000000000,0.00000000000000,0.00000000000000,0.00000000000000,0.00000000000000,0.00000000000000,0.00000000000000,21.4831317632081,0.00000000000000,0.00000000000000,0.00000000000000,0.00000000000000,0.0100000000000000,0.00000000000000,0.214831317632081,0.00000000000000,0.00000000000000,0.00000000000000,0.00000000000000,13.5000000000000,285.318211925307,0.183229859385228,0.183229859385228,-2.77555756156289e-17,-1.51479544375323e-16,0.660235329370221,0.00000000000000,138.018969822353,138.018969822353,0.483736978761401,24.7371613993849,162.756131221738,122.562080703569,0.570437232602403,0.00000000000000,13.5000000000000,0.00000000000000,0.00000000000000,0.00000000000000,0.00000000000000,0.00000000000000,0.00000000000000,0.00000000000000,0.00000000000000,0.00000000000000,0.00000000000000,0.00000000000000,13.5000000000000,0.00000000000000,0.00000000000000,0.00000000000000,0.00000000000000,0.00000000000000,21.4831317632081,0.00000000000000,0.00000000000000,0.00000000000000,0.00000000000000,0.00000000000000,0.214831317632081,0.00000000000000,0.00000000000000,0.00000000000000,0.00000000000000,13.5000000000000,285.318211925307,0.183229859385228,0.183229859385228,-2.77555756156289e-17,-1.51479544375323e-16,0.660235329370221,0.00000000000000,138.018969822353,138.018969822353,0.483736978761401,24.7371613993849,162.756131221738,122.562080703569,0.570437232602403,ACCEPTED,INTERPOLATED,accepted-reference-advance-shape+rotor-spec-static-ct-cp
apDrone,static_anchored_configuration_half_max,0.325120000000000,14869.7828839947,10.9687500000000,0.00000000000000,DIRECT_SAMPLE,0,DIRECT_SAMPLE,0.00000000000000,0.00000000000000,0.00000000000000,0.00000000000000,0.00000000000000,0.00000000000000,0.00000000000000,0.00000000000000,0.325120000000000,0.325120000000000,14869.7828839947,14869.7828839947,4,4,4,0,0,10.4376073684766,0.00000000000000,10.4376073684766,0.00000000000000,0.00000000000000,0.00000000000000,0.00000000000000,0.00000000000000,0.00000000000000,0.00000000000000,10.9687500000000,0.00000000000000,0.00000000000000,0.00000000000000,0.00000000000000,0.00000000000000,0.00000000000000,0.00000000000000,0.00000000000000,0.00000000000000,0.00000000000000,1.00000000000000,0.00000000000000,0.00000000000000,0.00000000000000,0.00000000000000,10.9687500000000,0.00000000000000,0.00000000000000,0.00000000000000,0.00000000000000,0.00000000000000,0.00000000000000,0.00000000000000,0.00000000000000,0.00000000000000,0.00000000000000,0.00000000000000,17.4550445576066,0.00000000000000,0.00000000000000,0.00000000000000,0.00000000000000,0.0100000000000000,0.00000000000000,0.174550445576066,0.00000000000000,0.00000000000000,0.00000000000000,0.00000000000000,10.9687500000000,338.815376661302,0.217585458019958,0.217585458019958,0.00000000000000,0.00000000000000,1.02096022361431,114.487505822977,58.9217257341216,173.409231557099,0.511810394397914,15.1116507943747,188.520882351474,150.294494309829,0.556411825842039,0.00000000000000,10.9687500000000,0.00000000000000,0.00000000000000,0.00000000000000,0.00000000000000,0.00000000000000,0.00000000000000,0.00000000000000,0.00000000000000,0.00000000000000,0.00000000000000,0.00000000000000,10.9687500000000,0.00000000000000,0.00000000000000,0.00000000000000,0.00000000000000,0.00000000000000,17.4550445576066,0.00000000000000,0.00000000000000,0.00000000000000,0.00000000000000,0.00000000000000,0.174550445576066,0.00000000000000,0.00000000000000,0.00000000000000,0.00000000000000,10.9687500000000,338.815376661302,0.217585458019958,0.217585458019958,0.00000000000000,0.00000000000000,1.02096022361431,114.487505822977,58.9217257341216,173.409231557099,0.511810394397914,15.1116507943747,188.520882351474,150.294494309829,0.556411825842039,ACCEPTED,INTERPOLATED,accepted-reference-advance-shape+rotor-spec-static-ct-cp
apDrone,static_anchored_configuration_half_max,0.406400000000000,14869.7828839947,10.4906250000000,0.00000000000000,DIRECT_SAMPLE,0,DIRECT_SAMPLE,0.00000000000000,0.00000000000000,0.00000000000000,0.00000000000000,0.00000000000000,0.00000000000000,0.00000000000000,0.00000000000000,0.406400000000000,0.406400000000000,14869.7828839947,14869.7828839947,4,4,4,0,0,13.0470092105957,0.00000000000000,13.0470092105957,0.00000000000000,0.00000000000000,0.00000000000000,0.00000000000000,0.00000000000000,0.00000000000000,0.00000000000000,10.4906250000000,0.00000000000000,0.00000000000000,0.00000000000000,0.00000000000000,0.00000000000000,0.00000000000000,0.00000000000000,0.00000000000000,0.00000000000000,0.00000000000000,1.00000000000000,0.00000000000000,0.00000000000000,0.00000000000000,0.00000000000000,10.4906250000000,0.00000000000000,0.00000000000000,0.00000000000000,0.00000000000000,0.00000000000000,0.00000000000000,0.00000000000000,0.00000000000000,0.00000000000000,0.00000000000000,0.00000000000000,16.6941836409930,0.00000000000000,0.00000000000000,0.00000000000000,0.00000000000000,0.0100000000000000,0.00000000000000,0.166941836409930,0.00000000000000,0.00000000000000,0.00000000000000,0.00000000000000,10.4906250000000,361.997481380234,0.232472884095008,0.232472884095008,0.00000000000000,0.00000000000000,1.13976754098230,136.871280999906,48.2787976203360,185.150078620241,0.511467864125177,14.5406938677026,199.690772487944,162.306708892290,0.551635806212125,0.00000000000000,10.4906250000000,0.00000000000000,0.00000000000000,0.00000000000000,0.00000000000000,0.00000000000000,0.00000000000000,0.00000000000000,0.00000000000000,0.00000000000000,0.00000000000000,0.00000000000000,10.4906250000000,0.00000000000000,0.00000000000000,0.00000000000000,0.00000000000000,0.00000000000000,16.6941836409930,0.00000000000000,0.00000000000000,0.00000000000000,0.00000000000000,0.00000000000000,0.166941836409930,0.00000000000000,0.00000000000000,0.00000000000000,0.00000000000000,10.4906250000000,361.997481380234,0.232472884095008,0.232472884095008,0.00000000000000,0.00000000000000,1.13976754098230,136.871280999906,48.2787976203360,185.150078620241,0.511467864125177,14.5406938677026,199.690772487944,162.306708892290,0.551635806212125,ACCEPTED,INTERPOLATED,accepted-reference-advance-shape+rotor-spec-static-ct-cp
apDrone,static_anchored_configuration_half_max,0.487680000000000,14869.7828839947,10.0125000000000,0.00000000000000,DIRECT_SAMPLE,0,DIRECT_SAMPLE,0.00000000000000,0.00000000000000,0.00000000000000,0.00000000000000,0.00000000000000,0.00000000000000,0.00000000000000,0.00000000000000,0.487680000000000,0.487680000000000,14869.7828839947,14869.7828839947,4,4,4,0,0,15.6564110527148,0.00000000000000,15.6564110527148,0.00000000000000,0.00000000000000,0.00000000000000,0.00000000000000,0.00000000000000,0.00000000000000,0.00000000000000,10.0125000000000,0.00000000000000,0.00000000000000,0.00000000000000,0.00000000000000,0.00000000000000,0.00000000000000,0.00000000000000,0.00000000000000,0.00000000000000,0.00000000000000,1.00000000000000,0.00000000000000,0.00000000000000,0.00000000000000,0.00000000000000,10.0125000000000,0.00000000000000,0.00000000000000,0.00000000000000,0.00000000000000,0.00000000000000,0.00000000000000,0.00000000000000,0.00000000000000,0.00000000000000,0.00000000000000,0.00000000000000,15.9333227243794,0.00000000000000,0.00000000000000,0.00000000000000,0.00000000000000,0.0100000000000000,0.00000000000000,0.159333227243794,0.00000000000000,0.00000000000000,0.00000000000000,0.00000000000000,10.0125000000000,385.179586099165,0.247360310170058,0.247360310170058,2.77555756156289e-17,1.12207069907647e-16,1.26637666020234,156.759815665307,39.5814923792034,196.341308044511,0.509739651659428,14.1215218001124,210.462829844623,174.716756254542,0.546401827718978,0.00000000000000,10.0125000000000,0.00000000000000,0.00000000000000,0.00000000000000,0.00000000000000,0.00000000000000,0.00000000000000,0.00000000000000,0.00000000000000,0.00000000000000,0.00000000000000,0.00000000000000,10.0125000000000,0.00000000000000,0.00000000000000,0.00000000000000,0.00000000000000,0.00000000000000,15.9333227243794,0.00000000000000,0.00000000000000,0.00000000000000,0.00000000000000,0.00000000000000,0.159333227243794,0.00000000000000,0.00000000000000,0.00000000000000,0.00000000000000,10.0125000000000,385.179586099165,0.247360310170058,0.247360310170058,2.77555756156289e-17,1.12207069907647e-16,1.26637666020234,156.759815665307,39.5814923792034,196.341308044511,0.509739651659428,14.1215218001124,210.462829844623,174.716756254542,0.546401827718978,ACCEPTED,INTERPOLATED,accepted-reference-advance-shape+rotor-spec-static-ct-cp
apDrone,static_anchored_configuration_half_max,0.650240000000000,14869.7828839947,9.90000000000000,0.00000000000000,DIRECT_SAMPLE,0,DIRECT_SAMPLE,0.00000000000000,0.00000000000000,0.00000000000000,0.00000000000000,0.00000000000000,0.00000000000000,0.00000000000000,0.00000000000000,0.650240000000000,0.650240000000000,14869.7828839947,14869.7828839947,4,4,4,0,0,20.8752147369531,0.00000000000000,20.8752147369531,0.00000000000000,0.00000000000000,0.00000000000000,0.00000000000000,0.00000000000000,0.00000000000000,0.00000000000000,9.90000000000000,0.00000000000000,0.00000000000000,0.00000000000000,0.00000000000000,0.00000000000000,0.00000000000000,0.00000000000000,0.00000000000000,0.00000000000000,0.00000000000000,1.00000000000000,0.00000000000000,0.00000000000000,0.00000000000000,0.00000000000000,9.90000000000000,0.00000000000000,0.00000000000000,0.00000000000000,0.00000000000000,0.00000000000000,0.00000000000000,0.00000000000000,0.00000000000000,0.00000000000000,0.00000000000000,0.00000000000000,15.7542966263526,0.00000000000000,0.00000000000000,0.00000000000000,0.00000000000000,0.0100000000000000,0.00000000000000,0.157542966263526,0.00000000000000,0.00000000000000,0.00000000000000,0.00000000000000,9.90000000000000,385.179586099165,0.247360310170058,0.247360310170058,0.00000000000000,0.00000000000000,1.55383618605348,206.664625895836,31.5380736012240,238.202699497060,0.618419843869229,10.8462809969621,249.048980494022,136.130605605143,0.646578867318021,0.00000000000000,9.90000000000000,0.00000000000000,0.00000000000000,0.00000000000000,0.00000000000000,0.00000000000000,0.00000000000000,0.00000000000000,0.00000000000000,0.00000000000000,0.00000000000000,0.00000000000000,9.90000000000000,0.00000000000000,0.00000000000000,0.00000000000000,0.00000000000000,0.00000000000000,15.7542966263526,0.00000000000000,0.00000000000000,0.00000000000000,0.00000000000000,0.00000000000000,0.157542966263526,0.00000000000000,0.00000000000000,0.00000000000000,0.00000000000000,9.90000000000000,385.179586099165,0.247360310170058,0.247360310170058,0.00000000000000,0.00000000000000,1.55383618605348,206.664625895836,31.5380736012240,238.202699497060,0.618419843869229,10.8462809969621,249.048980494022,136.130605605143,0.646578867318021,ACCEPTED,INTERPOLATED,accepted-reference-advance-shape+rotor-spec-static-ct-cp
apDrone,static_anchored_configuration_half_max,0.731520000000000,14869.7828839947,9.45000000000000,0.00000000000000,DIRECT_SAMPLE,0,DIRECT_SAMPLE,0.00000000000000,0.00000000000000,0.00000000000000,0.00000000000000,0.00000000000000,0.00000000000000,0.00000000000000,0.00000000000000,0.731520000000000,0.731520000000000,14869.7828839947,14869.7828839947,4,4,4,0,0,23.4846165790723,0.00000000000000,23.4846165790723,0.00000000000000,0.00000000000000,0.00000000000000,0.00000000000000,0.00000000000000,0.00000000000000,0.00000000000000,9.45000000000000,0.00000000000000,0.00000000000000,0.00000000000000,0.00000000000000,0.00000000000000,0.00000000000000,0.00000000000000,0.00000000000000,0.00000000000000,0.00000000000000,1.00000000000000,0.00000000000000,0.00000000000000,0.00000000000000,0.00000000000000,9.45000000000000,0.00000000000000,0.00000000000000,0.00000000000000,0.00000000000000,0.00000000000000,0.00000000000000,0.00000000000000,0.00000000000000,0.00000000000000,0.00000000000000,0.00000000000000,15.0381922342457,0.00000000000000,0.00000000000000,0.00000000000000,0.00000000000000,0.0100000000000000,0.00000000000000,0.150381922342457,0.00000000000000,0.00000000000000,0.00000000000000,0.00000000000000,9.45000000000000,406.578451993563,0.261102549623950,0.261102549623950,0.00000000000000,0.00000000000000,1.69648597405366,221.929626672233,26.3198462486007,248.249472920834,0.610581971827577,10.8108976024079,259.060370523241,147.518081470321,0.637171914185317,0.00000000000000,9.45000000000000,0.00000000000000,0.00000000000000,0.00000000000000,0.00000000000000,0.00000000000000,0.00000000000000,0.00000000000000,0.00000000000000,0.00000000000000,0.00000000000000,0.00000000000000,9.45000000000000,0.00000000000000,0.00000000000000,0.00000000000000,0.00000000000000,0.00000000000000,15.0381922342457,0.00000000000000,0.00000000000000,0.00000000000000,0.00000000000000,0.00000000000000,0.150381922342457,0.00000000000000,0.00000000000000,0.00000000000000,0.00000000000000,9.45000000000000,406.578451993563,0.261102549623950,0.261102549623950,0.00000000000000,0.00000000000000,1.69648597405366,221.929626672233,26.3198462486007,248.249472920834,0.610581971827577,10.8108976024079,259.060370523241,147.518081470321,0.637171914185317,ACCEPTED,INTERPOLATED,accepted-reference-advance-shape+rotor-spec-static-ct-cp
apDrone,static_anchored_configuration_half_max,0.812800000000000,14869.7828839947,9.00000000000000,0.00000000000000,DIRECT_SAMPLE,0,DIRECT_SAMPLE,0.00000000000000,0.00000000000000,0.00000000000000,0.00000000000000,0.00000000000000,0.00000000000000,0.00000000000000,0.00000000000000,0.812800000000000,0.812800000000000,14869.7828839947,14869.7828839947,4,4,4,0,0,26.0940184211914,0.00000000000000,26.0940184211914,0.00000000000000,0.00000000000000,0.00000000000000,0.00000000000000,0.00000000000000,0.00000000000000,0.00000000000000,9.00000000000000,0.00000000000000,0.00000000000000,0.00000000000000,0.00000000000000,0.00000000000000,0.00000000000000,0.00000000000000,0.00000000000000,0.00000000000000,0.00000000000000,1.00000000000000,0.00000000000000,0.00000000000000,0.00000000000000,0.00000000000000,9.00000000000000,0.00000000000000,0.00000000000000,0.00000000000000,0.00000000000000,0.00000000000000,0.00000000000000,0.00000000000000,0.00000000000000,0.00000000000000,0.00000000000000,0.00000000000000,14.3220878421388,0.00000000000000,0.00000000000000,0.00000000000000,0.00000000000000,0.0100000000000000,0.00000000000000,0.143220878421388,0.00000000000000,0.00000000000000,0.00000000000000,0.00000000000000,9.00000000000000,427.977317887961,0.274844789077842,0.274844789077842,0.00000000000000,0.00000000000000,1.84283106955042,234.846165790723,21.9770551241468,256.823220914869,0.600086056387929,10.8236696916327,267.646890606502,160.330427281459,0.625376344539289,0.00000000000000,9.00000000000000,0.00000000000000,0.00000000000000,0.00000000000000,0.00000000000000,0.00000000000000,0.00000000000000,0.00000000000000,0.00000000000000,0.00000000000000,0.00000000000000,0.00000000000000,9.00000000000000,0.00000000000000,0.00000000000000,0.00000000000000,0.00000000000000,0.00000000000000,14.3220878421388,0.00000000000000,0.00000000000000,0.00000000000000,0.00000000000000,0.00000000000000,0.143220878421388,0.00000000000000,0.00000000000000,0.00000000000000,0.00000000000000,9.00000000000000,427.977317887961,0.274844789077842,0.274844789077842,0.00000000000000,0.00000000000000,1.84283106955042,234.846165790723,21.9770551241468,256.823220914869,0.600086056387929,10.8236696916327,267.646890606502,160.330427281459,0.625376344539289,ACCEPTED,INTERPOLATED,accepted-reference-advance-shape+rotor-spec-static-ct-cp
apDrone,static_anchored_configuration_max,0.00000000000000,29739.5657679894,54.0000000000000,0.00000000000000,DIRECT_SAMPLE,0,DIRECT_SAMPLE,0.00000000000000,0.00000000000000,0.00000000000000,0.00000000000000,0.00000000000000,0.00000000000000,0.00000000000000,0.00000000000000,0.00000000000000,0.00000000000000,29739.5657679894,29739.5657679894,4,4,0,0,0,0.00000000000000,0.00000000000000,0.00000000000000,0.00000000000000,0.00000000000000,0.00000000000000,0.00000000000000,0.00000000000000,0.00000000000000,0.00000000000000,54.0000000000000,0.00000000000000,0.00000000000000,0.00000000000000,0.00000000000000,0.00000000000000,0.00000000000000,0.00000000000000,0.00000000000000,0.00000000000000,0.00000000000000,1.00000000000000,0.00000000000000,0.00000000000000,0.00000000000000,0.00000000000000,54.0000000000000,0.00000000000000,0.00000000000000,0.00000000000000,0.00000000000000,0.00000000000000,0.00000000000000,0.00000000000000,0.00000000000000,0.00000000000000,0.00000000000000,0.00000000000000,85.9325270528326,0.00000000000000,0.00000000000000,0.00000000000000,0.00000000000000,0.0100000000000000,0.00000000000000,0.859325270528326,0.00000000000000,0.00000000000000,0.00000000000000,0.00000000000000,54.0000000000000,2282.54569540246,0.732919437540912,0.732919437540912,-1.11022302462516e-16,-1.51479544375323e-16,1.32047065874044,0.00000000000000,1104.15175857883,1104.15175857883,0.483736978761401,197.897291195079,1302.04904977390,980.496645628554,0.570437232602403,0.00000000000000,0.00000000000000,0.00000000000000,0.00000000000000,0.00000000000000,0.00000000000000,0.00000000000000,0.00000000000000,0.00000000000000,0.00000000000000,0.00000000000000,0.00000000000000,0.00000000000000,0.00000000000000,0.00000000000000,0.00000000000000,0.00000000000000,0.00000000000000,0.00000000000000,0.00000000000000,0.00000000000000,0.00000000000000,0.00000000000000,0.00000000000000,0.00000000000000,0.00000000000000,0.00000000000000,0.00000000000000,0.00000000000000,0.00000000000000,0.00000000000000,0.00000000000000,0.00000000000000,0.00000000000000,0.00000000000000,0.00000000000000,0.00000000000000,0.00000000000000,0.00000000000000,0.00000000000000,0.00000000000000,0.00000000000000,0.00000000000000,0.00000000000000,0.00000000000000,OPERATING_POINT_OUTSIDE_RUNTIME_ENVELOPE,INTERPOLATED,accepted-reference-advance-shape+rotor-spec-static-ct-cp
apDrone,static_anchored_configuration_max,0.325120000000000,29739.5657679894,43.8750000000000,0.00000000000000,DIRECT_SAMPLE,0,DIRECT_SAMPLE,0.00000000000000,0.00000000000000,0.00000000000000,0.00000000000000,0.00000000000000,0.00000000000000,0.00000000000000,0.00000000000000,0.325120000000000,0.325120000000000,29739.5657679894,29739.5657679894,4,4,0,0,0,20.8752147369531,0.00000000000000,20.8752147369531,0.00000000000000,0.00000000000000,0.00000000000000,0.00000000000000,0.00000000000000,0.00000000000000,0.00000000000000,43.8750000000000,0.00000000000000,0.00000000000000,0.00000000000000,0.00000000000000,0.00000000000000,0.00000000000000,0.00000000000000,0.00000000000000,0.00000000000000,0.00000000000000,1.00000000000000,0.00000000000000,0.00000000000000,0.00000000000000,0.00000000000000,43.8750000000000,0.00000000000000,0.00000000000000,0.00000000000000,0.00000000000000,0.00000000000000,0.00000000000000,0.00000000000000,0.00000000000000,0.00000000000000,0.00000000000000,0.00000000000000,69.8201782304265,0.00000000000000,0.00000000000000,0.00000000000000,0.00000000000000,0.0100000000000000,0.00000000000000,0.698201782304265,0.00000000000000,0.00000000000000,0.00000000000000,0.00000000000000,43.8750000000000,2710.52301329042,0.870341832079833,0.870341832079833,0.00000000000000,0.00000000000000,2.04192044722863,915.900046583818,471.373805872972,1387.27385245679,0.511810394397914,120.893206354998,1508.16705881179,1202.35595447863,0.556411825842039,0.00000000000000,0.00000000000000,0.00000000000000,0.00000000000000,0.00000000000000,0.00000000000000,0.00000000000000,0.00000000000000,0.00000000000000,0.00000000000000,0.00000000000000,0.00000000000000,0.00000000000000,0.00000000000000,0.00000000000000,0.00000000000000,0.00000000000000,0.00000000000000,0.00000000000000,0.00000000000000,0.00000000000000,0.00000000000000,0.00000000000000,0.00000000000000,0.00000000000000,0.00000000000000,0.00000000000000,0.00000000000000,0.00000000000000,0.00000000000000,0.00000000000000,0.00000000000000,0.00000000000000,0.00000000000000,0.00000000000000,0.00000000000000,0.00000000000000,0.00000000000000,0.00000000000000,0.00000000000000,0.00000000000000,0.00000000000000,0.00000000000000,0.00000000000000,0.00000000000000,OPERATING_POINT_OUTSIDE_RUNTIME_ENVELOPE,INTERPOLATED,accepted-reference-advance-shape+rotor-spec-static-ct-cp
apDrone,static_anchored_configuration_max,0.406400000000000,29739.5657679894,41.9625000000000,0.00000000000000,DIRECT_SAMPLE,0,DIRECT_SAMPLE,0.00000000000000,0.00000000000000,0.00000000000000,0.00000000000000,0.00000000000000,0.00000000000000,0.00000000000000,0.00000000000000,0.406400000000000,0.406400000000000,29739.5657679894,29739.5657679894,4,4,0,0,0,26.0940184211914,0.00000000000000,26.0940184211914,0.00000000000000,0.00000000000000,0.00000000000000,0.00000000000000,0.00000000000000,0.00000000000000,0.00000000000000,41.9625000000000,0.00000000000000,0.00000000000000,0.00000000000000,0.00000000000000,0.00000000000000,0.00000000000000,0.00000000000000,0.00000000000000,0.00000000000000,0.00000000000000,1.00000000000000,0.00000000000000,0.00000000000000,0.00000000000000,0.00000000000000,41.9625000000000,0.00000000000000,0.00000000000000,0.00000000000000,0.00000000000000,0.00000000000000,0.00000000000000,0.00000000000000,0.00000000000000,0.00000000000000,0.00000000000000,0.00000000000000,66.7767345639720,0.00000000000000,0.00000000000000,0.00000000000000,0.00000000000000,0.0100000000000000,0.00000000000000,0.667767345639720,0.00000000000000,0.00000000000000,0.00000000000000,0.00000000000000,41.9625000000000,2895.97985104187,0.929891536380032,0.929891536380032,0.00000000000000,0.00000000000000,2.27953508196460,1094.97024799924,386.230380962688,1481.20062896193,0.511467864125177,116.325550941620,1597.52617990355,1298.45367113832,0.551635806212125,0.00000000000000,0.00000000000000,0.00000000000000,0.00000000000000,0.00000000000000,0.00000000000000,0.00000000000000,0.00000000000000,0.00000000000000,0.00000000000000,0.00000000000000,0.00000000000000,0.00000000000000,0.00000000000000,0.00000000000000,0.00000000000000,0.00000000000000,0.00000000000000,0.00000000000000,0.00000000000000,0.00000000000000,0.00000000000000,0.00000000000000,0.00000000000000,0.00000000000000,0.00000000000000,0.00000000000000,0.00000000000000,0.00000000000000,0.00000000000000,0.00000000000000,0.00000000000000,0.00000000000000,0.00000000000000,0.00000000000000,0.00000000000000,0.00000000000000,0.00000000000000,0.00000000000000,0.00000000000000,0.00000000000000,0.00000000000000,0.00000000000000,0.00000000000000,0.00000000000000,OPERATING_POINT_OUTSIDE_RUNTIME_ENVELOPE,INTERPOLATED,accepted-reference-advance-shape+rotor-spec-static-ct-cp
apDrone,static_anchored_configuration_max,0.487680000000000,29739.5657679894,40.0500000000000,0.00000000000000,DIRECT_SAMPLE,0,DIRECT_SAMPLE,0.00000000000000,0.00000000000000,0.00000000000000,0.00000000000000,0.00000000000000,0.00000000000000,0.00000000000000,0.00000000000000,0.487680000000000,0.487680000000000,29739.5657679894,29739.5657679894,4,4,0,0,0,31.3128221054297,0.00000000000000,31.3128221054297,0.00000000000000,0.00000000000000,0.00000000000000,0.00000000000000,0.00000000000000,0.00000000000000,0.00000000000000,40.0500000000000,0.00000000000000,0.00000000000000,0.00000000000000,0.00000000000000,0.00000000000000,0.00000000000000,0.00000000000000,0.00000000000000,0.00000000000000,0.00000000000000,1.00000000000000,0.00000000000000,0.00000000000000,0.00000000000000,0.00000000000000,40.0500000000000,0.00000000000000,0.00000000000000,0.00000000000000,0.00000000000000,0.00000000000000,0.00000000000000,0.00000000000000,0.00000000000000,0.00000000000000,0.00000000000000,0.00000000000000,63.7332908975175,0.00000000000000,0.00000000000000,0.00000000000000,0.00000000000000,0.0100000000000000,0.00000000000000,0.637332908975175,0.00000000000000,0.00000000000000,0.00000000000000,0.00000000000000,40.0500000000000,3081.43668879332,0.989441240680231,0.989441240680231,1.11022302462516e-16,1.12207069907647e-16,2.53275332040468,1254.07852532246,316.651939033628,1570.73046435609,0.509739651659428,112.972174400899,1683.70263875699,1397.73405003633,0.546401827718978,0.00000000000000,0.00000000000000,0.00000000000000,0.00000000000000,0.00000000000000,0.00000000000000,0.00000000000000,0.00000000000000,0.00000000000000,0.00000000000000,0.00000000000000,0.00000000000000,0.00000000000000,0.00000000000000,0.00000000000000,0.00000000000000,0.00000000000000,0.00000000000000,0.00000000000000,0.00000000000000,0.00000000000000,0.00000000000000,0.00000000000000,0.00000000000000,0.00000000000000,0.00000000000000,0.00000000000000,0.00000000000000,0.00000000000000,0.00000000000000,0.00000000000000,0.00000000000000,0.00000000000000,0.00000000000000,0.00000000000000,0.00000000000000,0.00000000000000,0.00000000000000,0.00000000000000,0.00000000000000,0.00000000000000,0.00000000000000,0.00000000000000,0.00000000000000,0.00000000000000,OPERATING_POINT_OUTSIDE_RUNTIME_ENVELOPE,INTERPOLATED,accepted-reference-advance-shape+rotor-spec-static-ct-cp
apDrone,static_anchored_configuration_max,0.650240000000000,29739.5657679894,39.6000000000000,0.00000000000000,DIRECT_SAMPLE,0,DIRECT_SAMPLE,0.00000000000000,0.00000000000000,0.00000000000000,0.00000000000000,0.00000000000000,0.00000000000000,0.00000000000000,0.00000000000000,0.650240000000000,0.650240000000000,29739.5657679894,29739.5657679894,4,4,0,0,0,41.7504294739062,0.00000000000000,41.7504294739062,0.00000000000000,0.00000000000000,0.00000000000000,0.00000000000000,0.00000000000000,0.00000000000000,0.00000000000000,39.6000000000000,0.00000000000000,0.00000000000000,0.00000000000000,0.00000000000000,0.00000000000000,0.00000000000000,0.00000000000000,0.00000000000000,0.00000000000000,0.00000000000000,1.00000000000000,0.00000000000000,0.00000000000000,0.00000000000000,0.00000000000000,39.6000000000000,0.00000000000000,0.00000000000000,0.00000000000000,0.00000000000000,0.00000000000000,0.00000000000000,0.00000000000000,0.00000000000000,0.00000000000000,0.00000000000000,0.00000000000000,63.0171865054106,0.00000000000000,0.00000000000000,0.00000000000000,0.00000000000000,0.0100000000000000,0.00000000000000,0.630171865054106,0.00000000000000,0.00000000000000,0.00000000000000,0.00000000000000,39.6000000000000,3081.43668879332,0.989441240680231,0.989441240680231,0.00000000000000,0.00000000000000,3.10767237210697,1653.31700716669,252.304588809792,1905.62159597648,0.618419843869229,86.7702479756971,1992.39184395218,1089.04484484114,0.646578867318021,0.00000000000000,0.00000000000000,0.00000000000000,0.00000000000000,0.00000000000000,0.00000000000000,0.00000000000000,0.00000000000000,0.00000000000000,0.00000000000000,0.00000000000000,0.00000000000000,0.00000000000000,0.00000000000000,0.00000000000000,0.00000000000000,0.00000000000000,0.00000000000000,0.00000000000000,0.00000000000000,0.00000000000000,0.00000000000000,0.00000000000000,0.00000000000000,0.00000000000000,0.00000000000000,0.00000000000000,0.00000000000000,0.00000000000000,0.00000000000000,0.00000000000000,0.00000000000000,0.00000000000000,0.00000000000000,0.00000000000000,0.00000000000000,0.00000000000000,0.00000000000000,0.00000000000000,0.00000000000000,0.00000000000000,0.00000000000000,0.00000000000000,0.00000000000000,0.00000000000000,OPERATING_POINT_OUTSIDE_RUNTIME_ENVELOPE,INTERPOLATED,accepted-reference-advance-shape+rotor-spec-static-ct-cp
apDrone,static_anchored_configuration_max,0.731520000000000,29739.5657679894,37.8000000000000,0.00000000000000,DIRECT_SAMPLE,0,DIRECT_SAMPLE,0.00000000000000,0.00000000000000,0.00000000000000,0.00000000000000,0.00000000000000,0.00000000000000,0.00000000000000,0.00000000000000,0.731520000000000,0.731520000000000,29739.5657679894,29739.5657679894,4,4,0,0,0,46.9692331581445,0.00000000000000,46.9692331581445,0.00000000000000,0.00000000000000,0.00000000000000,0.00000000000000,0.00000000000000,0.00000000000000,0.00000000000000,37.8000000000000,0.00000000000000,0.00000000000000,0.00000000000000,0.00000000000000,0.00000000000000,0.00000000000000,0.00000000000000,0.00000000000000,0.00000000000000,0.00000000000000,1.00000000000000,0.00000000000000,0.00000000000000,0.00000000000000,0.00000000000000,37.8000000000000,0.00000000000000,0.00000000000000,0.00000000000000,0.00000000000000,0.00000000000000,0.00000000000000,0.00000000000000,0.00000000000000,0.00000000000000,0.00000000000000,0.00000000000000,60.1527689369828,0.00000000000000,0.00000000000000,0.00000000000000,0.00000000000000,0.0100000000000000,0.00000000000000,0.601527689369828,0.00000000000000,0.00000000000000,0.00000000000000,0.00000000000000,37.8000000000000,3252.62761594850,1.04441019849580,1.04441019849580,0.00000000000000,0.00000000000000,3.39297194810732,1775.43701337786,210.558769988806,1985.99578336667,0.610581971827577,86.4871808192633,2072.48296418593,1180.14465176257,0.637171914185317,0.00000000000000,0.00000000000000,0.00000000000000,0.00000000000000,0.00000000000000,0.00000000000000,0.00000000000000,0.00000000000000,0.00000000000000,0.00000000000000,0.00000000000000,0.00000000000000,0.00000000000000,0.00000000000000,0.00000000000000,0.00000000000000,0.00000000000000,0.00000000000000,0.00000000000000,0.00000000000000,0.00000000000000,0.00000000000000,0.00000000000000,0.00000000000000,0.00000000000000,0.00000000000000,0.00000000000000,0.00000000000000,0.00000000000000,0.00000000000000,0.00000000000000,0.00000000000000,0.00000000000000,0.00000000000000,0.00000000000000,0.00000000000000,0.00000000000000,0.00000000000000,0.00000000000000,0.00000000000000,0.00000000000000,0.00000000000000,0.00000000000000,0.00000000000000,0.00000000000000,OPERATING_POINT_OUTSIDE_RUNTIME_ENVELOPE,INTERPOLATED,accepted-reference-advance-shape+rotor-spec-static-ct-cp
apDrone,static_anchored_configuration_max,0.812800000000000,29739.5657679894,36.0000000000000,0.00000000000000,DIRECT_SAMPLE,0,DIRECT_SAMPLE,0.00000000000000,0.00000000000000,0.00000000000000,0.00000000000000,0.00000000000000,0.00000000000000,0.00000000000000,0.00000000000000,0.812800000000000,0.812800000000000,29739.5657679894,29739.5657679894,4,4,0,0,0,52.1880368423828,0.00000000000000,52.1880368423828,0.00000000000000,0.00000000000000,0.00000000000000,0.00000000000000,0.00000000000000,0.00000000000000,0.00000000000000,36.0000000000000,0.00000000000000,0.00000000000000,0.00000000000000,0.00000000000000,0.00000000000000,0.00000000000000,0.00000000000000,0.00000000000000,0.00000000000000,0.00000000000000,1.00000000000000,0.00000000000000,0.00000000000000,0.00000000000000,0.00000000000000,36.0000000000000,0.00000000000000,0.00000000000000,0.00000000000000,0.00000000000000,0.00000000000000,0.00000000000000,0.00000000000000,0.00000000000000,0.00000000000000,0.00000000000000,0.00000000000000,57.2883513685551,0.00000000000000,0.00000000000000,0.00000000000000,0.00000000000000,0.0100000000000000,0.00000000000000,0.572883513685551,0.00000000000000,0.00000000000000,0.00000000000000,0.00000000000000,36.0000000000000,3423.81854310369,1.09937915631137,1.09937915631137,0.00000000000000,0.00000000000000,3.68566213910085,1878.76932632578,175.816440993174,2054.58576731896,0.600086056387929,86.5893575330619,2141.17512485202,1282.64341825167,0.625376344539289,0.00000000000000,0.00000000000000,0.00000000000000,0.00000000000000,0.00000000000000,0.00000000000000,0.00000000000000,0.00000000000000,0.00000000000000,0.00000000000000,0.00000000000000,0.00000000000000,0.00000000000000,0.00000000000000,0.00000000000000,0.00000000000000,0.00000000000000,0.00000000000000,0.00000000000000,0.00000000000000,0.00000000000000,0.00000000000000,0.00000000000000,0.00000000000000,0.00000000000000,0.00000000000000,0.00000000000000,0.00000000000000,0.00000000000000,0.00000000000000,0.00000000000000,0.00000000000000,0.00000000000000,0.00000000000000,0.00000000000000,0.00000000000000,0.00000000000000,0.00000000000000,0.00000000000000,0.00000000000000,0.00000000000000,0.00000000000000,0.00000000000000,0.00000000000000,0.00000000000000,OPERATING_POINT_OUTSIDE_RUNTIME_ENVELOPE,INTERPOLATED,accepted-reference-advance-shape+rotor-spec-static-ct-cp
apDrone,static_anchored_configuration_reverse_axial_clamp,0.00000000000000,10046.5319353468,6.16249886000000,0.00000000000000,DIRECT_SAMPLE,0,DIRECT_SAMPLE,0.00000000000000,0.00000000000000,0.00000000000000,0.00000000000000,0.00000000000000,0.00000000000000,0.00000000000000,0.00000000000000,0.00000000000000,0.00000000000000,10046.5319353468,10046.5319353468,4,4,0,0,4,-4.50000000000000,-0.00000000000000,-4.50000000000000,-0.00000000000000,0.00000000000000,0.00000000000000,0.00000000000000,0.00000000000000,180.000000000000,0.00000000000000,6.16249886000000,0.00000000000000,0.00000000000000,0.00000000000000,0.00000000000000,0.00000000000000,0.00000000000000,0.00000000000000,0.00000000000000,0.00000000000000,0.00000000000000,1.00000000000000,0.00000000000000,0.00000000000000,0.00000000000000,0.00000000000000,6.16249886000000,0.00000000000000,0.00000000000000,0.00000000000000,0.00000000000000,0.00000000000000,0.00000000000000,0.00000000000000,0.00000000000000,0.00000000000000,0.00000000000000,0.00000000000000,9.80665000000000,0.00000000000000,0.00000000000000,0.00000000000000,0.00000000000000,0.0100000000000000,0.00000000000000,0.0980665000000000,0.00000000000000,0.00000000000000,0.00000000000000,0.00000000000000,6.16249886000000,87.9962406678582,0.0836410221910687,0.0836410221910687,0.00000000000000,0.00000000000000,0.446077482980719,0.00000000000000,42.5670356030308,42.5670356030308,0.483736978761401,7.62929640295719,50.1963320059880,37.7999086618702,0.570437232602403,0.00000000000000,0.00000000000000,0.00000000000000,0.00000000000000,0.00000000000000,0.00000000000000,0.00000000000000,0.00000000000000,0.00000000000000,0.00000000000000,0.00000000000000,0.00000000000000,0.00000000000000,0.00000000000000,0.00000000000000,0.00000000000000,0.00000000000000,0.00000000000000,0.00000000000000,0.00000000000000,0.00000000000000,0.00000000000000,0.00000000000000,0.00000000000000,0.00000000000000,0.00000000000000,0.00000000000000,0.00000000000000,0.00000000000000,0.00000000000000,0.00000000000000,0.00000000000000,0.00000000000000,0.00000000000000,0.00000000000000,0.00000000000000,0.00000000000000,0.00000000000000,0.00000000000000,0.00000000000000,0.00000000000000,0.00000000000000,0.00000000000000,0.00000000000000,0.00000000000000,CLAMPED,CLAMPED,accepted-reference-advance-shape+rotor-spec-static-ct-cp
apDrone,static_anchored_configuration_high_j_block,1.20000000000000,10046.5319353468,0.00000000000000,0.00000000000000,DIRECT_SAMPLE,0,DIRECT_SAMPLE,0.00000000000000,0.00000000000000,0.00000000000000,0.00000000000000,0.00000000000000,0.00000000000000,0.00000000000000,0.00000000000000,1.20000000000000,1.20000000000000,10046.5319353468,10046.5319353468,4,0,0,4,0,26.0285549380965,0.00000000000000,26.0285549380965,0.00000000000000,0.00000000000000,0.00000000000000,0.00000000000000,0.00000000000000,0.00000000000000,0.00000000000000,0.00000000000000,0.00000000000000,0.00000000000000,0.00000000000000,0.00000000000000,0.00000000000000,0.00000000000000,0.00000000000000,0.00000000000000,0.00000000000000,0.00000000000000,1.00000000000000,0.00000000000000,0.00000000000000,0.00000000000000,0.00000000000000,0.00000000000000,0.00000000000000,0.00000000000000,0.00000000000000,0.00000000000000,0.00000000000000,0.00000000000000,0.00000000000000,0.00000000000000,0.00000000000000,0.00000000000000,0.00000000000000,0.00000000000000,0.00000000000000,0.00000000000000,0.00000000000000,0.00000000000000,0.0100000000000000,0.00000000000000,0.00000000000000,0.00000000000000,0.00000000000000,0.00000000000000,0.00000000000000,0.00000000000000,0.00000000000000,0.00000000000000,0.00000000000000,0.00000000000000,0.00000000000000,0.00000000000000,0.00000000000000,0.00000000000000,0.00000000000000,0.00000000000000,0.00000000000000,0.00000000000000,0.00000000000000,0.00000000000000,0.00000000000000,0.00000000000000,0.00000000000000,0.00000000000000,0.00000000000000,0.00000000000000,0.00000000000000,0.00000000000000,0.00000000000000,0.00000000000000,0.00000000000000,0.00000000000000,0.00000000000000,0.00000000000000,0.00000000000000,0.00000000000000,0.00000000000000,0.00000000000000,0.00000000000000,0.00000000000000,0.00000000000000,0.00000000000000,0.00000000000000,0.00000000000000,0.00000000000000,0.00000000000000,0.00000000000000,0.00000000000000,0.00000000000000,0.00000000000000,0.00000000000000,0.00000000000000,0.00000000000000,0.00000000000000,0.00000000000000,0.00000000000000,0.00000000000000,0.00000000000000,0.00000000000000,0.00000000000000,0.00000000000000,0.00000000000000,0.00000000000000,0.00000000000000,0.00000000000000,OUT_OF_ENVELOPE_BLOCKED,OUT_OF_ENVELOPE_BLOCKED,accepted-reference-advance-shape+rotor-spec-static-ct-cp
apDrone,static_anchored_configuration_transverse_inflow_diagnostic,0.406400000000000,10046.5319353468,4.78877515579167,0.00000000000000,DIRECT_SAMPLE,0,DIRECT_SAMPLE,0.00000000000000,0.00000000000000,0.00000000000000,0.00000000000000,0.00000000000000,0.00000000000000,0.00000000000000,0.00000000000000,0.406400000000000,0.406400000000000,10046.5319353468,10046.5319353468,4,4,0,0,0,8.81500393903533,2.50000000000000,8.81500393903533,0.00000000000000,0.00000000000000,0.00000000000000,0.00000000000000,2.50000000000000,15.8337267575892,0.00000000000000,4.78877515579167,0.00000000000000,0.00000000000000,0.00000000000000,0.00000000000000,0.00000000000000,0.00000000000000,0.00000000000000,0.00000000000000,0.00000000000000,0.00000000000000,1.00000000000000,0.00000000000000,0.00000000000000,0.00000000000000,0.00000000000000,4.78877515579167,0.00000000000000,0.00000000000000,0.00000000000000,0.00000000000000,0.00000000000000,0.00000000000000,0.00000000000000,0.00000000000000,0.00000000000000,0.00000000000000,0.00000000000000,7.62058427083333,0.00000000000000,0.00000000000000,0.00000000000000,0.00000000000000,0.0100000000000000,0.00000000000000,0.0762058427083334,0.00000000000000,0.00000000000000,0.00000000000000,0.00000000000000,4.78877515579167,111.645230347345,0.106119546904918,0.106119546904918,0.00000000000000,0.00000000000000,0.770065782982986,42.2130718614581,14.8898756440618,57.1029475055199,0.511467864125177,4.48455914687621,61.5875066523961,50.0577236949489,0.551635806212125,0.00000000000000,0.00000000000000,0.00000000000000,0.00000000000000,0.00000000000000,0.00000000000000,0.00000000000000,0.00000000000000,0.00000000000000,0.00000000000000,0.00000000000000,0.00000000000000,0.00000000000000,0.00000000000000,0.00000000000000,0.00000000000000,0.00000000000000,0.00000000000000,0.00000000000000,0.00000000000000,0.00000000000000,0.00000000000000,0.00000000000000,0.00000000000000,0.00000000000000,0.00000000000000,0.00000000000000,0.00000000000000,0.00000000000000,0.00000000000000,0.00000000000000,0.00000000000000,0.00000000000000,0.00000000000000,0.00000000000000,0.00000000000000,0.00000000000000,0.00000000000000,0.00000000000000,0.00000000000000,0.00000000000000,0.00000000000000,0.00000000000000,0.00000000000000,0.00000000000000,OBLIQUE_INFLOW_OUTSIDE_RUNTIME_ENVELOPE,INTERPOLATED,accepted-reference-advance-shape+rotor-spec-static-ct-cp
apDrone,static_anchored_configuration_body_rate_roll_diagnostic,0.390915050250200,10046.5319353468,4.78877515579167,0.00000000000000,DIRECT_SAMPLE,0,DIRECT_SAMPLE,0.00000000000000,0.00000000000000,0.00000000000000,0.00000000000000,0.00000000000000,0.00000000000000,0.00000000000000,0.00000000000000,0.390915050250200,0.421884949749800,10046.5319353468,10046.5319353468,4,4,4,0,0,8.81500393903533,0.00000000000000,8.81500393903533,0.00000000000000,5.00000000000000,0.00000000000000,0.00000000000000,0.00000000000000,0.00000000000000,0.00000000000000,4.78877515579167,0.00000000000000,0.00000000000000,0.00000000000000,0.00000000000000,-0.00279318209107843,0.00000000000000,0.00000000000000,-0.00279318209107843,0.00000000000000,0.00000000000000,1.00000000000000,0.00000000000000,0.00000000000000,0.00000000000000,0.00000000000000,4.78877515579167,0.00000000000000,0.00000000000000,0.00000000000000,0.00000000000000,-0.00279318209107843,0.00000000000000,0.00000000000000,-0.00279318209107843,0.00000000000000,0.00000000000000,0.00000000000000,7.62058427083333,0.00000000000000,-2.07517243022171,0.00000000000000,0.00000000000000,0.0100000000000000,0.00000000000000,0.0762058427083334,0.00000000000000,-0.0207517243022171,0.00000000000000,0.00000000000000,4.78877515579167,111.645230347345,0.106119546904918,0.106119546904918,0.00000000000000,0.00000000000000,0.770161428193293,42.1991059510027,14.9007475940599,57.0998535450626,0.511440151696731,4.48541152238960,61.5852650674522,50.0599652798928,0.551615728462839,0.00000000000000,4.78877515579167,0.00000000000000,0.00000000000000,0.00000000000000,0.00000000000000,-0.00279318209107843,0.00000000000000,0.00000000000000,-0.00279318209107843,0.00000000000000,0.00000000000000,0.00000000000000,4.78877515579167,0.00000000000000,-0.00279318209107843,0.00000000000000,0.00000000000000,0.00000000000000,7.62058427083333,0.00000000000000,-2.07517243022171,0.00000000000000,0.00000000000000,0.00000000000000,0.0762058427083334,0.00000000000000,-0.0207517243022171,0.00000000000000,0.00000000000000,4.78877515579167,111.645230347345,0.106119546904918,0.106119546904918,0.00000000000000,0.00000000000000,0.770161428193293,42.1991059510027,14.9007475940599,57.0998535450626,0.511440151696731,4.48541152238960,61.5852650674522,50.0599652798928,0.551615728462839,ACCEPTED,INTERPOLATED,accepted-reference-advance-shape+rotor-spec-static-ct-cp
apDrone,static_anchored_configuration_world_projection_diagnostic,0.406400000000000,10046.5319353468,4.78877515579167,0.00000000000000,DIRECT_SAMPLE,0,DIRECT_SAMPLE,0.00000000000000,0.00000000000000,0.00000000000000,0.00000000000000,0.00000000000000,0.00000000000000,0.00000000000000,0.00000000000000,0.406400000000000,0.406400000000000,10046.5319353468,10046.5319353468,4,4,4,0,0,8.81500393903533,0.00000000000000,8.81500393903533,0.00000000000000,0.00000000000000,0.00000000000000,0.00000000000000,0.00000000000000,0.00000000000000,0.00000000000000,4.78877515579167,0.00000000000000,0.00000000000000,0.00000000000000,0.00000000000000,0.00000000000000,0.00000000000000,0.00000000000000,0.00000000000000,0.00000000000000,0.00000000000000,0.707106781186548,0.00000000000000,0.00000000000000,0.707106781186548,-4.78877515579167,8.88178419700125e-16,0.00000000000000,0.00000000000000,0.00000000000000,0.00000000000000,0.00000000000000,0.00000000000000,0.00000000000000,0.00000000000000,0.00000000000000,0.00000000000000,-7.62058427083333,1.41339659404858e-15,0.00000000000000,0.00000000000000,0.00000000000000,0.00000000000000,0.0100000000000000,-0.0762058427083334,1.41339659404858e-17,0.00000000000000,0.00000000000000,0.00000000000000,0.00000000000000,4.78877515579167,111.645230347345,0.106119546904918,0.106119546904918,0.00000000000000,0.00000000000000,0.770065782982986,42.2130718614581,14.8898756440618,57.1029475055199,0.511467864125177,4.48455914687621,61.5875066523961,50.0577236949489,0.551635806212125,0.00000000000000,4.78877515579167,0.00000000000000,0.00000000000000,0.00000000000000,0.00000000000000,0.00000000000000,0.00000000000000,0.00000000000000,0.00000000000000,0.00000000000000,0.00000000000000,-4.78877515579167,8.88178419700125e-16,0.00000000000000,0.00000000000000,0.00000000000000,0.00000000000000,-7.62058427083333,1.41339659404858e-15,0.00000000000000,0.00000000000000,0.00000000000000,0.00000000000000,-0.0762058427083334,1.41339659404858e-17,0.00000000000000,0.00000000000000,0.00000000000000,0.00000000000000,4.78877515579167,111.645230347345,0.106119546904918,0.106119546904918,0.00000000000000,0.00000000000000,0.770065782982986,42.2130718614581,14.8898756440618,57.1029475055199,0.511467864125177,4.48455914687621,61.5875066523961,50.0577236949489,0.551635806212125,ACCEPTED,INTERPOLATED,accepted-reference-advance-shape+rotor-spec-static-ct-cp
apDrone,static_anchored_configuration_state_environment_shadow,0.402683612060048,10046.5319353468,4.78877515579167,0.00000000000000,DIRECT_SAMPLE,0,DIRECT_SAMPLE,0.00000000000000,0.00000000000000,0.00000000000000,0.00000000000000,0.00000000000000,0.00000000000000,0.00000000000000,0.00000000000000,0.402683612060048,0.410116387939952,10046.5319353468,10046.5319353468,4,4,4,0,0,8.81500393903533,0.00000000000000,8.81500393903533,0.00000000000000,1.20000000000000,0.00000000000000,0.00000000000000,4.44089209850063e-16,0.00000000000000,0.00000000000000,4.78877515579167,0.00000000000000,0.00000000000000,0.00000000000000,0.00000000000000,-0.000670363701858828,0.00000000000000,0.00000000000000,-0.000670363701858828,0.00000000000000,0.00000000000000,0.866025403784439,0.00000000000000,0.00000000000000,0.500000000000000,-4.14720093792737,2.39438757789583,0.00000000000000,0.00000000000000,0.00000000000000,0.00000000000000,-0.000335181850929414,-0.000580551995584723,0.00000000000000,-0.000335181850929414,-0.000580551995584723,0.00000000000000,-6.59961957022178,3.81029213541667,0.00000000000000,-0.498041383253203,-2.40448062446382e-15,0.00000000000000,0.0100000000000000,-0.0659961957022178,0.0381029213541667,0.00000000000000,-0.00498041383253201,-2.40448062446382e-17,0.00000000000000,4.78877515579167,111.645230347345,0.106119546904918,0.106119546904918,0.00000000000000,0.00000000000000,0.770071292113155,42.2122674250159,14.8905018316035,57.1027692566193,0.511466267559878,4.48460824931983,61.5873775059392,50.0578528414059,0.551634649454631,0.00000000000000,4.78877515579167,0.00000000000000,0.00000000000000,0.00000000000000,0.00000000000000,-0.000670363701858828,0.00000000000000,0.00000000000000,-0.000670363701858828,0.00000000000000,0.00000000000000,-4.14720093792737,2.39438757789583,0.00000000000000,-0.000335181850929414,-0.000580551995584723,0.00000000000000,-6.59961957022178,3.81029213541667,0.00000000000000,-0.498041383253203,-2.40448062446382e-15,0.00000000000000,-0.0659961957022178,0.0381029213541667,0.00000000000000,-0.00498041383253201,-2.40448062446382e-17,0.00000000000000,4.78877515579167,111.645230347345,0.106119546904918,0.106119546904918,0.00000000000000,0.00000000000000,0.770071292113155,42.2122674250159,14.8905018316035,57.1027692566193,0.511466267559878,4.48460824931983,61.5873775059392,50.0578528414059,0.551634649454631,ACCEPTED,INTERPOLATED,accepted-reference-advance-shape+rotor-spec-static-ct-cp
apDrone,static_anchored_configuration_target_hover_solve,0.00000000000000,10046.5319353468,6.16249886000000,8.88178419700125e-16,SOLVED,1,TARGET_THRUST_ONLY,0.00000000000000,0.00000000000000,0.00000000000000,0.00000000000000,0.00000000000000,0.00000000000000,0.00000000000000,0.00000000000000,0.00000000000000,0.00000000000000,10046.5319353468,10046.5319353468,4,4,4,0,0,0.00000000000000,0.00000000000000,0.00000000000000,0.00000000000000,0.00000000000000,0.00000000000000,0.00000000000000,0.00000000000000,0.00000000000000,0.00000000000000,6.16249886000000,0.00000000000000,0.00000000000000,0.00000000000000,0.00000000000000,0.00000000000000,0.00000000000000,0.00000000000000,0.00000000000000,0.00000000000000,0.00000000000000,1.00000000000000,0.00000000000000,0.00000000000000,0.00000000000000,0.00000000000000,6.16249886000000,0.00000000000000,0.00000000000000,0.00000000000000,0.00000000000000,0.00000000000000,0.00000000000000,0.00000000000000,0.00000000000000,0.00000000000000,0.00000000000000,0.00000000000000,9.80665000000000,0.00000000000000,0.00000000000000,0.00000000000000,0.00000000000000,0.0100000000000000,0.00000000000000,0.0980665000000000,0.00000000000000,0.00000000000000,0.00000000000000,0.00000000000000,6.16249886000000,87.9962406678582,0.0836410221910687,0.0836410221910687,0.00000000000000,0.00000000000000,0.446077482980719,0.00000000000000,42.5670356030308,42.5670356030308,0.483736978761401,7.62929640295719,50.1963320059880,37.7999086618702,0.570437232602403,0.00000000000000,6.16249886000000,0.00000000000000,0.00000000000000,0.00000000000000,0.00000000000000,0.00000000000000,0.00000000000000,0.00000000000000,0.00000000000000,0.00000000000000,0.00000000000000,0.00000000000000,6.16249886000000,0.00000000000000,0.00000000000000,0.00000000000000,0.00000000000000,0.00000000000000,9.80665000000000,0.00000000000000,0.00000000000000,0.00000000000000,0.00000000000000,0.00000000000000,0.0980665000000000,0.00000000000000,0.00000000000000,0.00000000000000,0.00000000000000,6.16249886000000,87.9962406678582,0.0836410221910687,0.0836410221910687,0.00000000000000,0.00000000000000,0.446077482980719,0.00000000000000,42.5670356030308,42.5670356030308,0.483736978761401,7.62929640295719,50.1963320059880,37.7999086618702,0.570437232602403,ACCEPTED,INTERPOLATED,accepted-reference-advance-shape+rotor-spec-static-ct-cp
apDrone,static_anchored_configuration_target_forward_solve,0.362621464634345,11259.4288444618,6.16249886000000,4.59192009927278e-06,SOLVED,20,TARGET_THRUST_ONLY,0.00000000000000,0.00000000000000,0.00000000000000,0.00000000000000,0.00000000000000,0.00000000000000,0.00000000000000,0.00000000000000,0.362621464634345,0.362621464634345,11259.4288444618,11259.4288444618,4,4,4,0,0,8.81500393903533,0.00000000000000,8.81500393903533,0.00000000000000,0.00000000000000,0.00000000000000,0.00000000000000,0.00000000000000,0.00000000000000,0.00000000000000,6.16250345192010,0.00000000000000,0.00000000000000,0.00000000000000,0.00000000000000,0.00000000000000,0.00000000000000,0.00000000000000,0.00000000000000,0.00000000000000,0.00000000000000,1.00000000000000,0.00000000000000,0.00000000000000,0.00000000000000,0.00000000000000,6.16250345192010,0.00000000000000,0.00000000000000,0.00000000000000,0.00000000000000,0.00000000000000,0.00000000000000,0.00000000000000,0.00000000000000,0.00000000000000,0.00000000000000,0.00000000000000,9.80665730732034,0.00000000000000,0.00000000000000,0.00000000000000,0.00000000000000,0.0100000000000000,0.00000000000000,0.0980665730732034,0.00000000000000,0.00000000000000,0.00000000000000,0.00000000000000,6.16250345192010,151.738712341243,0.128691960104459,0.128691960104459,0.00000000000000,0.00000000000000,0.813785428785848,54.3224922029945,23.3332076562167,77.6556998592113,0.511772498006788,6.43753181226265,84.0932316714739,67.6454806697690,0.554197609653876,0.00000000000000,6.16250345192010,0.00000000000000,0.00000000000000,0.00000000000000,0.00000000000000,0.00000000000000,0.00000000000000,0.00000000000000,0.00000000000000,0.00000000000000,0.00000000000000,0.00000000000000,6.16250345192010,0.00000000000000,0.00000000000000,0.00000000000000,0.00000000000000,0.00000000000000,9.80665730732034,0.00000000000000,0.00000000000000,0.00000000000000,0.00000000000000,0.00000000000000,0.0980665730732034,0.00000000000000,0.00000000000000,0.00000000000000,0.00000000000000,6.16250345192010,151.738712341243,0.128691960104459,0.128691960104459,0.00000000000000,0.00000000000000,0.813785428785848,54.3224922029945,23.3332076562167,77.6556998592113,0.511772498006788,6.43753181226265,84.0932316714739,67.6454806697690,0.554197609653876,ACCEPTED,INTERPOLATED,accepted-reference-advance-shape+rotor-spec-static-ct-cp
apDrone,static_anchored_configuration_target_body_kinematics,0.120999728646561,10455.1982986795,6.16249886000000,1.10169489353495e-06,SOLVED,19,TARGET_THRUST_ONLY,0.00000000000000,0.00000000000000,0.00000000000000,0.00000000000000,0.00000000000000,0.00000000000000,0.00000000000000,0.00000000000000,0.120999728646561,0.144807222332951,10455.1982986795,10455.1982986795,4,4,4,0,0,3.00000000000000,0.00000000000000,3.00000000000000,0.00000000000000,4.00000000000000,0.00000000000000,0.00000000000000,0.00000000000000,0.00000000000000,0.00000000000000,6.16249996169489,0.00000000000000,0.00000000000000,0.00000000000000,0.00000000000000,-0.00307778967040342,0.00000000000000,0.00000000000000,-0.00307778967040342,0.00000000000000,0.00000000000000,1.00000000000000,0.00000000000000,0.00000000000000,0.00000000000000,0.00000000000000,6.16249996169489,0.00000000000000,0.00000000000000,0.00000000000000,0.00000000000000,-0.00307778967040342,0.00000000000000,0.00000000000000,-0.00307778967040342,0.00000000000000,0.00000000000000,0.00000000000000,9.80665175317456,0.00000000000000,-2.28661936879898,0.00000000000000,0.00000000000000,0.0100000000000000,0.00000000000000,0.0980665175317456,0.00000000000000,-0.0228661936879897,0.00000000000000,0.00000000000000,6.16249996169489,106.778958602965,0.0975269828139739,0.0975269828139739,0.00000000000000,0.00000000000000,0.553425716136574,18.4751887264031,34.3292714202182,52.8044601466212,0.494521213144283,6.90007784780992,59.7045379944311,47.0744206085335,0.559141414896450,0.00000000000000,6.16249996169489,0.00000000000000,0.00000000000000,0.00000000000000,0.00000000000000,-0.00307778967040342,0.00000000000000,0.00000000000000,-0.00307778967040342,0.00000000000000,0.00000000000000,0.00000000000000,6.16249996169489,0.00000000000000,-0.00307778967040342,0.00000000000000,0.00000000000000,0.00000000000000,9.80665175317456,0.00000000000000,-2.28661936879898,0.00000000000000,0.00000000000000,0.00000000000000,0.0980665175317456,0.00000000000000,-0.0228661936879897,0.00000000000000,0.00000000000000,6.16249996169489,106.778958602965,0.0975269828139739,0.0975269828139739,0.00000000000000,0.00000000000000,0.553425716136574,18.4751887264031,34.3292714202182,52.8044601466212,0.494521213144283,6.90007784780992,59.7045379944311,47.0744206085335,0.559141414896450,ACCEPTED,INTERPOLATED,accepted-reference-advance-shape+rotor-spec-static-ct-cp
apDrone,static_anchored_configuration_target_world_per_rotor_wind,0.0888970677878847,10420.5326107765,6.16249886000000,4.21162034136557e-07,SOLVED,21,TARGET_THRUST_ONLY,0.00000000000000,0.00000000000000,0.00000000000000,0.00000000000000,0.00000000000000,0.00000000000000,0.00000000000000,0.00000000000000,0.0888970677878847,0.133345601681827,10420.5326107765,10420.5326107765,4,4,4,0,0,2.75000000000000,0.00000000000000,2.75000000000000,0.00000000000000,0.00000000000000,0.00000000000000,0.00000000000000,0.00000000000000,0.00000000000000,0.00000000000000,6.16249928116203,0.00000000000000,0.00000000000000,-0.000576662702261591,0.00000000000000,-0.00285409214563964,0.00000000000000,0.00285409214563963,-0.00285409214563964,-0.000576662702261591,0.00285409214563963,1.00000000000000,0.00000000000000,0.00000000000000,0.00000000000000,0.00000000000000,6.16249928116203,0.00000000000000,0.00000000000000,-0.000576662702261591,0.00000000000000,-0.00285409214563964,0.00000000000000,0.00285409214563963,-0.00285409214563964,-0.000576662702261591,0.00285409214563963,0.00000000000000,9.80665067021329,0.00000000000000,-2.12042507105471,-0.232525283169996,2.02417882669477,0.0100000000000000,0.00000000000000,0.0980665067021330,0.00000000000000,-0.0212042507105471,-0.00232525283169997,0.0202417882669477,6.16249928116203,105.116116647300,0.0963276073570803,0.0963276073570803,-1.38777878078145e-17,-1.44068644374923e-16,0.543841069747281,16.9150075298749,34.9653580561036,51.8803655859785,0.493552913108981,6.95217841926553,58.8325440052440,46.2835726420563,0.559690995840789,0.00000000000000,6.16249928116203,0.00000000000000,0.00000000000000,-0.000576662702261591,0.00000000000000,-0.00285409214563964,0.00000000000000,0.00285409214563963,-0.00285409214563964,-0.000576662702261591,0.00285409214563963,0.00000000000000,6.16249928116203,0.00000000000000,-0.00285409214563964,-0.000576662702261591,0.00285409214563963,0.00000000000000,9.80665067021329,0.00000000000000,-2.12042507105471,-0.232525283169996,2.02417882669477,0.00000000000000,0.0980665067021330,0.00000000000000,-0.0212042507105471,-0.00232525283169997,0.0202417882669477,6.16249928116203,105.116116647300,0.0963276073570803,0.0963276073570803,-1.38777878078145e-17,-1.44068644374923e-16,0.543841069747281,16.9150075298749,34.9653580561036,51.8803655859785,0.493552913108981,6.95217841926553,58.8325440052440,46.2835726420563,0.559690995840789,ACCEPTED,INTERPOLATED,accepted-reference-advance-shape+rotor-spec-static-ct-cp
apDrone,static_anchored_configuration_target_environment_calm,0.120999728646561,10455.1982986795,6.16249886000000,1.10169489353495e-06,SOLVED,19,TARGET_THRUST_ONLY,0.00000000000000,0.00000000000000,0.00000000000000,0.00000000000000,0.00000000000000,0.00000000000000,0.00000000000000,0.00000000000000,0.120999728646561,0.144807222332951,10455.1982986795,10455.1982986795,4,4,4,0,0,3.00000000000000,0.00000000000000,3.00000000000000,0.00000000000000,4.00000000000000,0.00000000000000,0.00000000000000,0.00000000000000,0.00000000000000,0.00000000000000,6.16249996169489,0.00000000000000,0.00000000000000,0.00000000000000,0.00000000000000,-0.00307778967040342,0.00000000000000,0.00000000000000,-0.00307778967040342,0.00000000000000,0.00000000000000,1.00000000000000,0.00000000000000,0.00000000000000,0.00000000000000,0.00000000000000,6.16249996169489,0.00000000000000,0.00000000000000,0.00000000000000,0.00000000000000,-0.00307778967040342,0.00000000000000,0.00000000000000,-0.00307778967040342,0.00000000000000,0.00000000000000,0.00000000000000,9.80665175317456,0.00000000000000,-2.28661936879898,0.00000000000000,0.00000000000000,0.0100000000000000,0.00000000000000,0.0980665175317456,0.00000000000000,-0.0228661936879897,0.00000000000000,0.00000000000000,6.16249996169489,106.778958602965,0.0975269828139739,0.0975269828139739,0.00000000000000,0.00000000000000,0.553425716136574,18.4751887264031,34.3292714202182,52.8044601466212,0.494521213144283,6.90007784780992,59.7045379944311,47.0744206085335,0.559141414896450,0.00000000000000,6.16249996169489,0.00000000000000,0.00000000000000,0.00000000000000,0.00000000000000,-0.00307778967040342,0.00000000000000,0.00000000000000,-0.00307778967040342,0.00000000000000,0.00000000000000,0.00000000000000,6.16249996169489,0.00000000000000,-0.00307778967040342,0.00000000000000,0.00000000000000,0.00000000000000,9.80665175317456,0.00000000000000,-2.28661936879898,0.00000000000000,0.00000000000000,0.00000000000000,0.0980665175317456,0.00000000000000,-0.0228661936879897,0.00000000000000,0.00000000000000,6.16249996169489,106.778958602965,0.0975269828139739,0.0975269828139739,0.00000000000000,0.00000000000000,0.553425716136574,18.4751887264031,34.3292714202182,52.8044601466212,0.494521213144283,6.90007784780992,59.7045379944311,47.0744206085335,0.559141414896450,ACCEPTED,INTERPOLATED,accepted-reference-advance-shape+rotor-spec-static-ct-cp
apDrone,static_anchored_configuration_target_upper_below_target,0.00000000000000,29739.5657679894,64.8000000000000,-10.8000000000000,UPPER_BOUND_BELOW_TARGET,0,TARGET_THRUST_ONLY,0.00000000000000,0.00000000000000,0.00000000000000,0.00000000000000,0.00000000000000,0.00000000000000,0.00000000000000,0.00000000000000,0.00000000000000,0.00000000000000,29739.5657679894,29739.5657679894,4,4,0,0,0,0.00000000000000,0.00000000000000,0.00000000000000,0.00000000000000,0.00000000000000,0.00000000000000,0.00000000000000,0.00000000000000,0.00000000000000,0.00000000000000,54.0000000000000,0.00000000000000,0.00000000000000,0.00000000000000,0.00000000000000,0.00000000000000,0.00000000000000,0.00000000000000,0.00000000000000,0.00000000000000,0.00000000000000,1.00000000000000,0.00000000000000,0.00000000000000,0.00000000000000,0.00000000000000,54.0000000000000,0.00000000000000,0.00000000000000,0.00000000000000,0.00000000000000,0.00000000000000,0.00000000000000,0.00000000000000,0.00000000000000,0.00000000000000,0.00000000000000,0.00000000000000,85.9325270528326,0.00000000000000,0.00000000000000,0.00000000000000,0.00000000000000,0.0100000000000000,0.00000000000000,0.859325270528326,0.00000000000000,0.00000000000000,0.00000000000000,0.00000000000000,54.0000000000000,2282.54569540246,0.732919437540912,0.732919437540912,-1.11022302462516e-16,-1.51479544375323e-16,1.32047065874044,0.00000000000000,1104.15175857883,1104.15175857883,0.483736978761401,197.897291195079,1302.04904977390,980.496645628554,0.570437232602403,0.00000000000000,0.00000000000000,0.00000000000000,0.00000000000000,0.00000000000000,0.00000000000000,0.00000000000000,0.00000000000000,0.00000000000000,0.00000000000000,0.00000000000000,0.00000000000000,0.00000000000000,0.00000000000000,0.00000000000000,0.00000000000000,0.00000000000000,0.00000000000000,0.00000000000000,0.00000000000000,0.00000000000000,0.00000000000000,0.00000000000000,0.00000000000000,0.00000000000000,0.00000000000000,0.00000000000000,0.00000000000000,0.00000000000000,0.00000000000000,0.00000000000000,0.00000000000000,0.00000000000000,0.00000000000000,0.00000000000000,0.00000000000000,0.00000000000000,0.00000000000000,0.00000000000000,0.00000000000000,0.00000000000000,0.00000000000000,0.00000000000000,0.00000000000000,0.00000000000000,OPERATING_POINT_OUTSIDE_RUNTIME_ENVELOPE,INTERPOLATED,accepted-reference-advance-shape+rotor-spec-static-ct-cp
apDrone,static_anchored_configuration_target_high_j_block,1.69831712212444,6000.00000000000,6.16249886000000,-6.16249886000000,UPPER_BOUND_BLOCKED,0,TARGET_THRUST_ONLY,0.00000000000000,0.00000000000000,0.00000000000000,0.00000000000000,0.00000000000000,0.00000000000000,0.00000000000000,0.00000000000000,1.69831712212444,1.69831712212444,6000.00000000000,6000.00000000000,4,0,0,4,0,22.0000000000000,0.00000000000000,22.0000000000000,0.00000000000000,0.00000000000000,0.00000000000000,0.00000000000000,0.00000000000000,0.00000000000000,0.00000000000000,0.00000000000000,0.00000000000000,0.00000000000000,0.00000000000000,0.00000000000000,0.00000000000000,0.00000000000000,0.00000000000000,0.00000000000000,0.00000000000000,0.00000000000000,1.00000000000000,0.00000000000000,0.00000000000000,0.00000000000000,0.00000000000000,0.00000000000000,0.00000000000000,0.00000000000000,0.00000000000000,0.00000000000000,0.00000000000000,0.00000000000000,0.00000000000000,0.00000000000000,0.00000000000000,0.00000000000000,0.00000000000000,0.00000000000000,0.00000000000000,0.00000000000000,0.00000000000000,0.00000000000000,0.0100000000000000,0.00000000000000,0.00000000000000,0.00000000000000,0.00000000000000,0.00000000000000,0.00000000000000,0.00000000000000,0.00000000000000,0.00000000000000,0.00000000000000,0.00000000000000,0.00000000000000,0.00000000000000,0.00000000000000,0.00000000000000,0.00000000000000,0.00000000000000,0.00000000000000,0.00000000000000,0.00000000000000,0.00000000000000,0.00000000000000,0.00000000000000,0.00000000000000,0.00000000000000,0.00000000000000,0.00000000000000,0.00000000000000,0.00000000000000,0.00000000000000,0.00000000000000,0.00000000000000,0.00000000000000,0.00000000000000,0.00000000000000,0.00000000000000,0.00000000000000,0.00000000000000,0.00000000000000,0.00000000000000,0.00000000000000,0.00000000000000,0.00000000000000,0.00000000000000,0.00000000000000,0.00000000000000,0.00000000000000,0.00000000000000,0.00000000000000,0.00000000000000,0.00000000000000,0.00000000000000,0.00000000000000,0.00000000000000,0.00000000000000,0.00000000000000,0.00000000000000,0.00000000000000,0.00000000000000,0.00000000000000,0.00000000000000,0.00000000000000,0.00000000000000,0.00000000000000,0.00000000000000,0.00000000000000,OUT_OF_ENVELOPE_BLOCKED,OUT_OF_ENVELOPE_BLOCKED,accepted-reference-advance-shape+rotor-spec-static-ct-cp
apDrone,static_anchored_configuration_trim_body_torque,0.00000000000000,9793.26941368599,6.16249886000000,-2.01606342287164e-07,TRIM_SOLVE,0,SOLVED,0.0450000000000000,0.0120000000000000,-0.0350000000000000,1.34550164107572e-07,-1.00175724590534e-08,1.45042528265638e-08,1.28237484723906,2.05938760127134,0.00000000000000,0.00000000000000,9165.90058475330,11615.4709090742,4,4,4,0,0,0.00000000000000,0.00000000000000,0.00000000000000,0.00000000000000,0.00000000000000,0.00000000000000,0.00000000000000,0.00000000000000,0.00000000000000,0.00000000000000,6.16249865839366,0.00000000000000,0.00000000000000,0.0119999899824275,0.00000000000000,0.0450001345501641,0.00000000000000,-0.0349999854957472,0.0450001345501641,0.0119999899824275,-0.0349999854957472,1.00000000000000,0.00000000000000,0.00000000000000,0.00000000000000,0.00000000000000,6.16249865839366,0.00000000000000,0.00000000000000,0.0119999899824275,0.00000000000000,0.0450001345501641,0.00000000000000,-0.0349999854957472,0.0450001345501641,0.0119999899824275,-0.0349999854957472,0.00000000000000,9.80664967917514,0.00000000000000,33.4324922363775,4.83870563807562,-24.8226847487569,0.0100000000000000,0.00000000000000,0.0980664967917514,0.00000000000000,0.334324922363775,0.0483870563807562,-0.248226847487569,6.16249865839366,89.2640292493487,0.0836410194547501,0.0836410194547501,0.00000000000000,0.00000000000000,0.444042489717809,0.00000000000000,43.1803118211492,43.1803118211492,0.483736978761401,7.73921399478914,50.9195258159384,38.3445034334103,0.570437232602402,0.00000000000000,6.16249865839366,0.00000000000000,0.00000000000000,0.0119999899824275,0.00000000000000,0.0450001345501641,0.00000000000000,-0.0349999854957472,0.0450001345501641,0.0119999899824275,-0.0349999854957472,0.00000000000000,6.16249865839366,0.00000000000000,0.0450001345501641,0.0119999899824275,-0.0349999854957472,0.00000000000000,9.80664967917514,0.00000000000000,33.4324922363775,4.83870563807562,-24.8226847487569,0.00000000000000,0.0980664967917514,0.00000000000000,0.334324922363775,0.0483870563807562,-0.248226847487569,6.16249865839366,89.2640292493487,0.0836410194547501,0.0836410194547501,0.00000000000000,0.00000000000000,0.444042489717809,0.00000000000000,43.1803118211492,43.1803118211492,0.483736978761401,7.73921399478914,50.9195258159384,38.3445034334103,0.570437232602402,ACCEPTED,INTERPOLATED,accepted-reference-advance-shape+rotor-spec-static-ct-cp
apDrone,static_anchored_configuration_trim_body_kinematics,0.121432470435483,10417.9397203184,6.16249886000000,-3.88617610447284e-06,TRIM_SOLVE,0,SOLVED,0.00000000000000,0.00000000000000,0.00000000000000,6.60734602864199e-08,0.00000000000000,0.00000000000000,1.54062471484452,1.54062471484452,0.121432470435483,0.144291366779359,10417.9397203184,10492.5766410340,4,4,4,0,0,3.00000000000000,0.00000000000000,3.00000000000000,0.00000000000000,4.00000000000000,0.00000000000000,0.00000000000000,0.00000000000000,0.00000000000000,0.00000000000000,6.16249497382390,0.00000000000000,0.00000000000000,0.00000000000000,0.00000000000000,6.60734602864199e-08,0.00000000000000,0.00000000000000,6.60734602864199e-08,0.00000000000000,0.00000000000000,1.00000000000000,0.00000000000000,0.00000000000000,0.00000000000000,0.00000000000000,6.16249497382390,0.00000000000000,0.00000000000000,0.00000000000000,0.00000000000000,6.60734602864199e-08,0.00000000000000,0.00000000000000,6.60734602864199e-08,0.00000000000000,0.00000000000000,0.00000000000000,9.80664381576050,0.00000000000000,4.90887520701485e-05,0.00000000000000,0.00000000000000,0.0100000000000000,0.00000000000000,0.0980664381576050,0.00000000000000,4.90887520854244e-07,0.00000000000000,0.00000000000000,6.16249497382390,106.789497807076,0.0975314339447275,0.0975314339447275,0.00000000000000,0.00000000000000,0.553421881608796,18.4874851857655,34.3228786017176,52.8103637874831,0.494527691130166,6.89942323894167,59.7097870264248,47.0797107806509,0.559135385525416,0.00000000000000,6.16249497382390,0.00000000000000,0.00000000000000,0.00000000000000,0.00000000000000,6.60734602864199e-08,0.00000000000000,0.00000000000000,6.60734602864199e-08,0.00000000000000,0.00000000000000,0.00000000000000,6.16249497382390,0.00000000000000,6.60734602864199e-08,0.00000000000000,0.00000000000000,0.00000000000000,9.80664381576050,0.00000000000000,4.90887520701485e-05,0.00000000000000,0.00000000000000,0.00000000000000,0.0980664381576050,0.00000000000000,4.90887520854244e-07,0.00000000000000,0.00000000000000,6.16249497382390,106.789497807076,0.0975314339447275,0.0975314339447275,0.00000000000000,0.00000000000000,0.553421881608796,18.4874851857655,34.3228786017176,52.8103637874831,0.494527691130166,6.89942323894167,59.7097870264248,47.0797107806509,0.559135385525416,ACCEPTED,INTERPOLATED,accepted-reference-advance-shape+rotor-spec-static-ct-cp
apDrone,static_anchored_configuration_trim_world_per_rotor_wind,0.0897873681736338,10317.2062254308,6.16249886000000,2.27143355324699e-06,TRIM_SOLVE,0,SOLVED,0.00000000000000,0.00000000000000,0.00000000000000,-7.85773630607167e-08,-0.00118769168108770,7.85773630607167e-08,1.54062471484452,1.54062471484452,0.0897873681736338,0.132903475489756,10317.2062254308,10455.1982986795,4,4,4,0,0,2.75000000000000,0.00000000000000,2.75000000000000,0.00000000000000,0.00000000000000,0.00000000000000,0.00000000000000,0.00000000000000,0.00000000000000,0.00000000000000,6.16250113143355,0.00000000000000,0.00000000000000,-0.00118769168108770,0.00000000000000,-7.85773630607167e-08,0.00000000000000,7.85773630607167e-08,-7.85773630607167e-08,-0.00118769168108770,7.85773630607167e-08,1.00000000000000,0.00000000000000,0.00000000000000,0.00000000000000,0.00000000000000,6.16250113143355,0.00000000000000,0.00000000000000,-0.00118769168108770,0.00000000000000,-7.85773630607167e-08,0.00000000000000,7.85773630607167e-08,-7.85773630607167e-08,-0.00118769168108770,7.85773630607167e-08,0.00000000000000,9.80665361463010,0.00000000000000,-5.83784272367881e-05,-0.478907935922459,5.57286262841963e-05,0.0100000000000000,0.00000000000000,0.0980665361463010,0.00000000000000,-5.83784272367881e-07,-0.00478907935922459,5.57286262841963e-07,6.16250113143355,105.143430006152,0.0963392911328862,0.0963392911328862,0.00000000000000,0.00000000000000,0.543834351417166,16.9468772341383,34.9486462663567,51.8955235004949,0.493568865857417,6.95046483293414,58.8459883334291,46.2974416727225,0.559673470134903,0.00000000000000,6.16250113143355,0.00000000000000,0.00000000000000,-0.00118769168108770,0.00000000000000,-7.85773630607167e-08,0.00000000000000,7.85773630607167e-08,-7.85773630607167e-08,-0.00118769168108770,7.85773630607167e-08,0.00000000000000,6.16250113143355,0.00000000000000,-7.85773630607167e-08,-0.00118769168108770,7.85773630607167e-08,0.00000000000000,9.80665361463010,0.00000000000000,-5.83784272367881e-05,-0.478907935922459,5.57286262841963e-05,0.00000000000000,0.0980665361463010,0.00000000000000,-5.83784272367881e-07,-0.00478907935922459,5.57286262841963e-07,6.16250113143355,105.143430006152,0.0963392911328862,0.0963392911328862,0.00000000000000,0.00000000000000,0.543834351417166,16.9468772341383,34.9486462663567,51.8955235004949,0.493568865857417,6.95046483293414,58.8459883334291,46.2974416727225,0.559673470134903,ACCEPTED,INTERPOLATED,accepted-reference-advance-shape+rotor-spec-static-ct-cp
apDrone,static_anchored_configuration_trim_environment_calm,0.121432470435483,10417.9397203184,6.16249886000000,-3.88617610447284e-06,TRIM_SOLVE,0,SOLVED,0.00000000000000,0.00000000000000,0.00000000000000,6.60734602864199e-08,0.00000000000000,0.00000000000000,1.54062471484452,1.54062471484452,0.121432470435483,0.144291366779359,10417.9397203184,10492.5766410340,4,4,4,0,0,3.00000000000000,0.00000000000000,3.00000000000000,0.00000000000000,4.00000000000000,0.00000000000000,0.00000000000000,0.00000000000000,0.00000000000000,0.00000000000000,6.16249497382390,0.00000000000000,0.00000000000000,0.00000000000000,0.00000000000000,6.60734602864199e-08,0.00000000000000,0.00000000000000,6.60734602864199e-08,0.00000000000000,0.00000000000000,1.00000000000000,0.00000000000000,0.00000000000000,0.00000000000000,0.00000000000000,6.16249497382390,0.00000000000000,0.00000000000000,0.00000000000000,0.00000000000000,6.60734602864199e-08,0.00000000000000,0.00000000000000,6.60734602864199e-08,0.00000000000000,0.00000000000000,0.00000000000000,9.80664381576050,0.00000000000000,4.90887520701485e-05,0.00000000000000,0.00000000000000,0.0100000000000000,0.00000000000000,0.0980664381576050,0.00000000000000,4.90887520854244e-07,0.00000000000000,0.00000000000000,6.16249497382390,106.789497807076,0.0975314339447275,0.0975314339447275,0.00000000000000,0.00000000000000,0.553421881608796,18.4874851857655,34.3228786017176,52.8103637874831,0.494527691130166,6.89942323894167,59.7097870264248,47.0797107806509,0.559135385525416,0.00000000000000,6.16249497382390,0.00000000000000,0.00000000000000,0.00000000000000,0.00000000000000,6.60734602864199e-08,0.00000000000000,0.00000000000000,6.60734602864199e-08,0.00000000000000,0.00000000000000,0.00000000000000,6.16249497382390,0.00000000000000,6.60734602864199e-08,0.00000000000000,0.00000000000000,0.00000000000000,9.80664381576050,0.00000000000000,4.90887520701485e-05,0.00000000000000,0.00000000000000,0.00000000000000,0.0980664381576050,0.00000000000000,4.90887520854244e-07,0.00000000000000,0.00000000000000,6.16249497382390,106.789497807076,0.0975314339447275,0.0975314339447275,0.00000000000000,0.00000000000000,0.553421881608796,18.4874851857655,34.3228786017176,52.8103637874831,0.494527691130166,6.89942323894167,59.7097870264248,47.0797107806509,0.559135385525416,ACCEPTED,INTERPOLATED,accepted-reference-advance-shape+rotor-spec-static-ct-cp
apDrone,static_anchored_configuration_trim_upper_below_target,0.00000000000000,16356.7611723942,64.8000000000000,-48.4650000000000,TRIM_SOLVE,0,ROTOR_SOLVE_BLOCKED,0.00000000000000,0.00000000000000,0.00000000000000,0.00000000000000,0.00000000000000,0.00000000000000,16.1999999983651,16.1999999983651,0.00000000000000,0.00000000000000,16356.7611723942,16356.7611723942,4,4,4,0,0,0.00000000000000,0.00000000000000,0.00000000000000,0.00000000000000,0.00000000000000,0.00000000000000,0.00000000000000,0.00000000000000,0.00000000000000,0.00000000000000,16.3350000000000,0.00000000000000,0.00000000000000,0.00000000000000,0.00000000000000,0.00000000000000,0.00000000000000,0.00000000000000,0.00000000000000,0.00000000000000,0.00000000000000,1.00000000000000,0.00000000000000,0.00000000000000,0.00000000000000,0.00000000000000,16.3350000000000,0.00000000000000,0.00000000000000,0.00000000000000,0.00000000000000,0.00000000000000,0.00000000000000,0.00000000000000,0.00000000000000,0.00000000000000,0.00000000000000,0.00000000000000,25.9945894334819,0.00000000000000,0.00000000000000,0.00000000000000,0.00000000000000,0.0100000000000000,0.00000000000000,0.259945894334819,0.00000000000000,0.00000000000000,0.00000000000000,0.00000000000000,16.3350000000000,379.758540072584,0.221708129856126,0.221708129856126,0.00000000000000,0.00000000000000,0.726258862307244,0.00000000000000,183.703248833552,183.703248833552,0.483736978761401,32.9251618225813,216.628410656134,163.130129416451,0.570437232602403,0.00000000000000,16.3350000000000,0.00000000000000,0.00000000000000,0.00000000000000,0.00000000000000,0.00000000000000,0.00000000000000,0.00000000000000,0.00000000000000,0.00000000000000,0.00000000000000,0.00000000000000,16.3350000000000,0.00000000000000,0.00000000000000,0.00000000000000,0.00000000000000,0.00000000000000,25.9945894334819,0.00000000000000,0.00000000000000,0.00000000000000,0.00000000000000,0.00000000000000,0.259945894334819,0.00000000000000,0.00000000000000,0.00000000000000,0.00000000000000,16.3350000000000,379.758540072584,0.221708129856126,0.221708129856126,0.00000000000000,0.00000000000000,0.726258862307244,0.00000000000000,183.703248833552,183.703248833552,0.483736978761401,32.9251618225813,216.628410656134,163.130129416451,0.570437232602403,ACCEPTED,INTERPOLATED,accepted-reference-advance-shape+rotor-spec-static-ct-cp
